pack_id	decision_tier	pack_path	det_pass	det_supported	det_skipped	max_rss_kb	max_elapsed_sec	candidate_status
multi-hypothesis-phase5-bighunt-binance-bbo-20260110..20260110-20260306_191204-345c74a2-t1__FULLSCAN_MAJOR__e61803be266b8630ee6e690644227b5e8457ebcbca1e6a47341edf2a65c71f8f	PROMOTE_STRONG	/home/deploy/quantlab-evidence-archive/20260306_slim/multi-hypothesis-phase5-bighunt-binance-bbo-20260110..20260110-20260306_191204-345c74a2-t1__FULLSCAN_MAJOR	4	4	20	2307368.0	131.07	NEW
multi-hypothesis-phase5-bighunt-binance-bbo-20260124..20260124-20260306_224433-eb46ae1e-t1__FULLSCAN_MAJOR__f2f4dcb1050ed9860d1d6e050d4d3fe6f7892bd3fc527ee87cd76097d654a7d4	PROMOTE_STRONG	/home/deploy/quantlab-evidence-archive/20260306_slim/multi-hypothesis-phase5-bighunt-binance-bbo-20260124..20260124-20260306_224433-eb46ae1e-t1__FULLSCAN_MAJOR	4	4	20	1903968.0	110.7	NEW
multi-hypothesis-phase5-bighunt-binance-trade-20260107..20260107-20260306_182339-085459e1-t1__FULLSCAN_MAJOR__adadb3fb6a50be0cb204257bc83e1a485d66b86f76e4c61cd7b72de8affe21ff	PROMOTE_STRONG	/home/deploy/quantlab-evidence-archive/20260306_slim/multi-hypothesis-phase5-bighunt-binance-trade-20260107..20260107-20260306_182339-085459e1-t1__FULLSCAN_MAJOR	5	5	1	453616.0	101.34	NEW
multi-hypothesis-phase5-bighunt-binance-trade-20260108..20260108-20260306_184349-5fa7ecc7-t1__FULLSCAN_MAJOR__96d23b6476b1b9c5a90003f0e78a0ee8569ab92b8c0eca58352c953e9c5a0584	PROMOTE_STRONG	/home/deploy/quantlab-evidence-archive/20260306_slim/multi-hypothesis-phase5-bighunt-binance-trade-20260108..20260108-20260306_184349-5fa7ecc7-t1__FULLSCAN_MAJOR	5	5	1	485104.0	108.33	NEW
multi-hypothesis-phase5-bighunt-bybit-bbo-20260108..20260108-20260306_184546-9de45c6d-t1__FULLSCAN_MAJOR__255f98f931649cfa357b4d27bbec76d309b16b8baedabaa4d76c8f4539a54b2f	PROMOTE_STRONG	/home/deploy/quantlab-evidence-archive/20260306_slim/multi-hypothesis-phase5-bighunt-bybit-bbo-20260108..20260108-20260306_184546-9de45c6d-t1__FULLSCAN_MAJOR	1	1	5	87532.0	1.91	NEW
multi-hypothesis-phase5-bighunt-bybit-bbo-20260115..20260115-20260306_203542-67a6cf84-t1__FULLSCAN_MAJOR__5d1c022d828df2bc3c95613148ef5ab02c68b515ee8569008de83dbbe586e8ad	PROMOTE_STRONG	/home/deploy/quantlab-evidence-archive/20260306_slim/multi-hypothesis-phase5-bighunt-bybit-bbo-20260115..20260115-20260306_203542-67a6cf84-t1__FULLSCAN_MAJOR	1	1	5	103736.0	2.36	NEW
multi-hypothesis-phase5-bighunt-bybit-bbo-20260122..20260122-20260306_221422-3f8200a1-t1__FULLSCAN_MAJOR__d0c128d531f4d13acb95f5c1492ad541dd99f3364496cd6ce0c5801403dbfe96	PROMOTE_STRONG	/home/deploy/quantlab-evidence-archive/20260306_slim/multi-hypothesis-phase5-bighunt-bybit-bbo-20260122..20260122-20260306_221422-3f8200a1-t1__FULLSCAN_MAJOR	3	3	15	95980.0	2.43	NEW
multi-hypothesis-phase5-bighunt-bybit-bbo-20260123..20260123-20260306_223808-e82ed9c0-t1__FULLSCAN_MAJOR__5979d5ea67bd3cb9eb515f0a91210ecc2486345d42cf93e9504bc1bec2078590	PROMOTE_STRONG	/home/deploy/quantlab-evidence-archive/20260306_slim/multi-hypothesis-phase5-bighunt-bybit-bbo-20260123..20260123-20260306_223808-e82ed9c0-t1__FULLSCAN_MAJOR	1	1	5	85212.0	2.38	NEW
multi-hypothesis-phase5-bighunt-bybit-bbo-20260124..20260124-20260306_225148-5980ca43-t1__FULLSCAN_MAJOR__6d279d08dd446e44ae4841d873e7cc8f848607d9d64794c63350a3e6c68fa550	PROMOTE_STRONG	/home/deploy/quantlab-evidence-archive/20260306_slim/multi-hypothesis-phase5-bighunt-bybit-bbo-20260124..20260124-20260306_225148-5980ca43-t1__FULLSCAN_MAJOR	5	5	25	103324.0	2.51	NEW
multi-hypothesis-phase5-bighunt-bybit-trade-20260122..20260122-20260306_221458-eabfbabb-t1__FULLSCAN_MAJOR__1924f3b3a098dc26c0a1fd89bf59f91d62c1020ab127f8adb71ee775ba525391	PROMOTE_STRONG	/home/deploy/quantlab-evidence-archive/20260306_slim/multi-hypothesis-phase5-bighunt-bybit-trade-20260122..20260122-20260306_221458-eabfbabb-t1__FULLSCAN_MAJOR	10	10	2	546380.0	125.98	NEW
multi-hypothesis-phase5-bighunt-bybit-trade-20260124..20260124-20260306_225229-2fedebed-t1__FULLSCAN_MAJOR__3ae0e007060d81a7180ef37ac6ce9b44a0baa407b2edb9c69a835ffb62783ad8	PROMOTE_STRONG	/home/deploy/quantlab-evidence-archive/20260306_slim/multi-hypothesis-phase5-bighunt-bybit-trade-20260124..20260124-20260306_225229-2fedebed-t1__FULLSCAN_MAJOR	25	25	5	115404.0	12.19	NEW
multi-hypothesis-phase5-bighunt-binance-bbo-20260208..20260208-20260307_034832-0180ff20-t1__FULLSCAN_MAJOR__65f7f57b37b7eb88e3d6d3ce0a5cfd5ca153cf3c5254ea651fe2b8c30ef9d88f	PROMOTE_STRONG	/home/deploy/quantlab-evidence-archive/20260307_slim/multi-hypothesis-phase5-bighunt-binance-bbo-20260208..20260208-20260307_034832-0180ff20-t1__FULLSCAN_MAJOR	4	4	20	1263744.0	73.48	NEW
multi-hypothesis-phase5-bighunt-binance-bbo-20260209..20260209-20260307_042520-a29fe303-t1__FULLSCAN_MAJOR__4904e17e9dc96306dfe258a26ad0654b6c63f71986578e10e7459aa0b197fa8c	PROMOTE_STRONG	/home/deploy/quantlab-evidence-archive/20260307_slim/multi-hypothesis-phase5-bighunt-binance-bbo-20260209..20260209-20260307_042520-a29fe303-t1__FULLSCAN_MAJOR	4	4	20	1603580.0	94.3	NEW
multi-hypothesis-phase5-bighunt-binance-bbo-20260210..20260210-20260307_174138-86147e75-t1__FULLSCAN_MAJOR__bab7bb4f99d92d1795350640795fd1b3ba08bc521cac5f5f7e4284555c9de45d	PROMOTE_STRONG	/home/deploy/quantlab-evidence-archive/20260307_slim/multi-hypothesis-phase5-bighunt-binance-bbo-20260210..20260210-20260307_174138-86147e75-t1__FULLSCAN_MAJOR	3	3	15	951868.0	50.34	NEW
multi-hypothesis-phase5-bighunt-binance-bbo-20260211..20260211-20260307_181839-965021cb-t1__FULLSCAN_MAJOR__0d897cc04c751eedbff20bd6a3cb719d63f60bde55dc06dabcedd226853d44db	PROMOTE_STRONG	/home/deploy/quantlab-evidence-archive/20260307_slim/multi-hypothesis-phase5-bighunt-binance-bbo-20260211..20260211-20260307_181839-965021cb-t1__FULLSCAN_MAJOR	4	4	20	1811816.0	104.05	NEW
multi-hypothesis-phase5-bighunt-binance-bbo-20260212..20260212-20260307_190431-4985ed81-t1__FULLSCAN_MAJOR__a55a36bafb1ad2595c3c7a75d92480fec60bcd200d8039d67c217df7a5ee74b7	PROMOTE_STRONG	/home/deploy/quantlab-evidence-archive/20260307_slim/multi-hypothesis-phase5-bighunt-binance-bbo-20260212..20260212-20260307_190431-4985ed81-t1__FULLSCAN_MAJOR	4	4	20	1476000.0	79.6	NEW
multi-hypothesis-phase5-bighunt-binance-bbo-20260213..20260213-20260307_192118-cda6bc51-t1__FULLSCAN_MAJOR__871e721b5c167914c653696adcfbc0bdd85557bf9f260049d2f7917cfa08315a	PROMOTE_STRONG	/home/deploy/quantlab-evidence-archive/20260307_slim/multi-hypothesis-phase5-bighunt-binance-bbo-20260213..20260213-20260307_192118-cda6bc51-t1__FULLSCAN_MAJOR	4	4	20	1586516.0	86.38	NEW
multi-hypothesis-phase5-bighunt-binance-bbo-20260214..20260214-20260307_193745-90a25ab8-t1__FULLSCAN_MAJOR__d25d0eb32d0b9a3b47bc55e50d0e730f7bd126e4bd24699b209822f620c4f0b5	PROMOTE_STRONG	/home/deploy/quantlab-evidence-archive/20260307_slim/multi-hypothesis-phase5-bighunt-binance-bbo-20260214..20260214-20260307_193745-90a25ab8-t1__FULLSCAN_MAJOR	4	4	20	933452.0	48.38	NEW
multi-hypothesis-phase5-bighunt-binance-bbo-20260215..20260215-20260307_195214-325cbe5c-t1__FULLSCAN_MAJOR__bd2a4d320b3b8cafc1b272133dcbe2688c4eb54ae2010719ed257dbef98adac8	PROMOTE_STRONG	/home/deploy/quantlab-evidence-archive/20260307_slim/multi-hypothesis-phase5-bighunt-binance-bbo-20260215..20260215-20260307_195214-325cbe5c-t1__FULLSCAN_MAJOR	4	4	20	1280024.0	68.23	NEW
multi-hypothesis-phase5-bighunt-binance-bbo-20260216..20260216-20260307_200846-e872e59c-t1__FULLSCAN_MAJOR__b75cf8af56ea4662d10829dc867d1aabf16aed633a0aa02ff81c086ec36952a9	PROMOTE_STRONG	/home/deploy/quantlab-evidence-archive/20260307_slim/multi-hypothesis-phase5-bighunt-binance-bbo-20260216..20260216-20260307_200846-e872e59c-t1__FULLSCAN_MAJOR	4	4	20	1236408.0	65.95	NEW
multi-hypothesis-phase5-bighunt-binance-bbo-20260217..20260217-20260307_202313-762018c2-t1__FULLSCAN_MAJOR__d67035e0d3dbaf8133a210e477206694d1840283ecec40a20fe06a259c7d308b	PROMOTE_STRONG	/home/deploy/quantlab-evidence-archive/20260307_slim/multi-hypothesis-phase5-bighunt-binance-bbo-20260217..20260217-20260307_202313-762018c2-t1__FULLSCAN_MAJOR	4	4	20	1301880.0	68.05	NEW
multi-hypothesis-phase5-bighunt-binance-bbo-20260218..20260218-20260307_203844-ecabc73c-t1__FULLSCAN_MAJOR__715bd30913d2e9bb8872f264b8b52c0801bd1e7861ed322e79356e037f277a0c	PROMOTE_STRONG	/home/deploy/quantlab-evidence-archive/20260307_slim/multi-hypothesis-phase5-bighunt-binance-bbo-20260218..20260218-20260307_203844-ecabc73c-t1__FULLSCAN_MAJOR	4	4	20	1265988.0	68.27	NEW
multi-hypothesis-phase5-bighunt-binance-bbo-20260219..20260219-20260307_205350-8c85a2eb-t1__FULLSCAN_MAJOR__3bbd6d784cef43e77c81e203ecab773eff3e7aa5eccdcf3f8318c4967dceb807	PROMOTE_STRONG	/home/deploy/quantlab-evidence-archive/20260307_slim/multi-hypothesis-phase5-bighunt-binance-bbo-20260219..20260219-20260307_205350-8c85a2eb-t1__FULLSCAN_MAJOR	4	4	20	1240648.0	67.87	NEW
multi-hypothesis-phase5-bighunt-binance-bbo-20260220..20260220-20260307_210827-9176ddd1-t1__FULLSCAN_MAJOR__71ea8f4020a1b3ec44dd14fa0abafc060a919b123431a152da424caf5bf9c585	PROMOTE_STRONG	/home/deploy/quantlab-evidence-archive/20260307_slim/multi-hypothesis-phase5-bighunt-binance-bbo-20260220..20260220-20260307_210827-9176ddd1-t1__FULLSCAN_MAJOR	4	4	20	1172248.0	64.17	NEW
multi-hypothesis-phase5-bighunt-binance-bbo-20260223..20260223-20260307_220253-d31f1609-t1__FULLSCAN_MAJOR__fdef8a7ae467f8c95ffc58dc8f273394d653a784b56f869896bb26f5b966fe93	PROMOTE_STRONG	/home/deploy/quantlab-evidence-archive/20260307_slim/multi-hypothesis-phase5-bighunt-binance-bbo-20260223..20260223-20260307_220253-d31f1609-t1__FULLSCAN_MAJOR	4	4	20	1555372.0	90.33	NEW
multi-hypothesis-phase5-bighunt-binance-bbo-20260224..20260224-20260307_221836-ac97948a-t1__FULLSCAN_MAJOR__70d25ce0a72e9e21119a04f2098d00aabfcc477aafc59584cfb274959db29507	PROMOTE_STRONG	/home/deploy/quantlab-evidence-archive/20260307_slim/multi-hypothesis-phase5-bighunt-binance-bbo-20260224..20260224-20260307_221836-ac97948a-t1__FULLSCAN_MAJOR	4	4	20	1645824.0	90.55	NEW
multi-hypothesis-phase5-bighunt-binance-bbo-20260225..20260225-20260307_223502-7c751e1e-t1__FULLSCAN_MAJOR__a30c6460047d46f07ab7f7ab96f3f7fb23d5e200e2e24d838766bf65ed66fa62	PROMOTE_STRONG	/home/deploy/quantlab-evidence-archive/20260307_slim/multi-hypothesis-phase5-bighunt-binance-bbo-20260225..20260225-20260307_223502-7c751e1e-t1__FULLSCAN_MAJOR	4	4	20	1686516.0	91.24	NEW
multi-hypothesis-phase5-bighunt-binance-bbo-20260226..20260226-20260307_225235-5c7ebec0-t1__FULLSCAN_MAJOR__8139dffe988202b46a221d10ea947a56804044afdbedc991a12b1d5e23637015	PROMOTE_STRONG	/home/deploy/quantlab-evidence-archive/20260307_slim/multi-hypothesis-phase5-bighunt-binance-bbo-20260226..20260226-20260307_225235-5c7ebec0-t1__FULLSCAN_MAJOR	4	4	20	1584264.0	87.44	NEW
multi-hypothesis-phase5-bighunt-binance-bbo-20260227..20260227-20260307_230949-251cd9d2-t1__FULLSCAN_MAJOR__d492ccfe409b2806f2662e5bf7033149215e39fbdffd6f0055c7f7c551fc2b33	PROMOTE_STRONG	/home/deploy/quantlab-evidence-archive/20260307_slim/multi-hypothesis-phase5-bighunt-binance-bbo-20260227..20260227-20260307_230949-251cd9d2-t1__FULLSCAN_MAJOR	4	4	20	1388876.0	74.27	NEW
multi-hypothesis-phase5-bighunt-binance-bbo-20260228..20260228-20260307_232612-5a6e300c-t1__FULLSCAN_MAJOR__ab964bd8ee5762f07add0cf6683330cb5115dadd0433c1afb0aa7898211fb2b1	PROMOTE_STRONG	/home/deploy/quantlab-evidence-archive/20260307_slim/multi-hypothesis-phase5-bighunt-binance-bbo-20260228..20260228-20260307_232612-5a6e300c-t1__FULLSCAN_MAJOR	4	4	20	1574836.0	86.92	NEW
multi-hypothesis-phase5-bighunt-binance-bbo-20260302..20260302-20260307_234227-7f3371f6-t1__FULLSCAN_MAJOR__9fc1698eeec0681f0d5a08774bbf3018f5eefa7f36f3bd91b3b32abf58dc4974	PROMOTE_STRONG	/home/deploy/quantlab-evidence-archive/20260307_slim/multi-hypothesis-phase5-bighunt-binance-bbo-20260302..20260302-20260307_234227-7f3371f6-t1__FULLSCAN_MAJOR	4	4	20	1904908.0	108.96	NEW
multi-hypothesis-phase5-bighunt-binance-bbo-20260303..20260303-20260307_235954-59046c90-t1__FULLSCAN_MAJOR__1da49fd0bde8dbc0a4b4d4e2a2c35bbf8ed10e0e33c0ddc0c5bc5f69e8fe4b34	PROMOTE_STRONG	/home/deploy/quantlab-evidence-archive/20260307_slim/multi-hypothesis-phase5-bighunt-binance-bbo-20260303..20260303-20260307_235954-59046c90-t1__FULLSCAN_MAJOR	4	4	20	1738452.0	131.44	NEW
multi-hypothesis-phase5-bighunt-binance-bbo-20260304..20260304-20260308_001847-fbb6924f-t1__FULLSCAN_MAJOR__8239f055c163d51093dd09d27042301451fa1e79e067ed79f1458668ea768b6d	PROMOTE_STRONG	/home/deploy/quantlab-evidence-archive/20260308_slim/multi-hypothesis-phase5-bighunt-binance-bbo-20260304..20260304-20260308_001847-fbb6924f-t1__FULLSCAN_MAJOR	4	4	20	1706744.0	92.68	NEW
multi-hypothesis-phase5-bighunt-binance-bbo-20260305..20260305-20260308_170759-2209dce6-t1__FULLSCAN_MAJOR__03b61cb964a963bcb0f04a530b2ec56d6e1765a1630f8bdf3e20b29f1898b1dc	PROMOTE_STRONG	/home/deploy/quantlab-evidence-archive/20260308_slim/multi-hypothesis-phase5-bighunt-binance-bbo-20260305..20260305-20260308_170759-2209dce6-t1__FULLSCAN_MAJOR	4	4	20	1549732.0	101.48	NEW
multi-hypothesis-phase5-bighunt-binance-bbo-20260306..20260306-20260308_172429-c8f82a9d-t1__FULLSCAN_MAJOR__1703a2f755828f19ce7d28670373631783a5d9909236c9d263898fdcad58374a	PROMOTE_STRONG	/home/deploy/quantlab-evidence-archive/20260308_slim/multi-hypothesis-phase5-bighunt-binance-bbo-20260306..20260306-20260308_172429-c8f82a9d-t1__FULLSCAN_MAJOR	4	4	20	1212960.0	65.11	NEW
multi-hypothesis-phase5-bighunt-binance-bbo-20260309..20260309-20260310_030547-cdca1cc9-t1__FULLSCAN_MAJOR__976c0a03010ab9d80334cdc2290f9c1695f66cbd24e1011342b14abfe182b1b1	PROMOTE_STRONG	/home/deploy/quantlab-evidence-archive/20260310_slim/multi-hypothesis-phase5-bighunt-binance-bbo-20260309..20260309-20260310_030547-cdca1cc9-t1__FULLSCAN_MAJOR	4	4	20	1502520.0	90.87	NEW
multi-hypothesis-phase5-bighunt-binance-bbo-20260311..20260311-20260312_024855-d0cf569e-t1__FULLSCAN_MAJOR__e836adcc23859aa5504c8d7d56f6ac69dcc665b317ab591bf7838337e99f8324	PROMOTE_STRONG	/home/deploy/quantlab-evidence-archive/20260312_slim/multi-hypothesis-phase5-bighunt-binance-bbo-20260311..20260311-20260312_024855-d0cf569e-t1__FULLSCAN_MAJOR	4	4	20	1102912.0	63.33	NEW
multi-hypothesis-phase5-bighunt-binance-bbo-20260318..20260318-20260319_025905-93cdfb67-t1__FULLSCAN_MAJOR__8708594d9357b17d524967073cf84a8dc1fc5d228bf44b05c1f654e4ba41e6ea	PROMOTE_STRONG	/home/deploy/quantlab-evidence-archive/20260319_slim/multi-hypothesis-phase5-bighunt-binance-bbo-20260318..20260318-20260319_025905-93cdfb67-t1__FULLSCAN_MAJOR	4	4	20	1077304.0	58.35	NEW
multi-hypothesis-phase5-bighunt-binance-bbo-20260324..20260324-20260325_030401-687e7df7-t1__FULLSCAN_MAJOR__461749bb2c97d8154aca9462f19f72f3e442b7b6432cdb7cc1eb005b2c8643a7	PROMOTE_STRONG	/home/deploy/quantlab-evidence-archive/20260325_slim/multi-hypothesis-phase5-bighunt-binance-bbo-20260324..20260324-20260325_030401-687e7df7-t1__FULLSCAN_MAJOR	4	4	20	1062004.0	54.61	NEW
multi-hypothesis-phase5-bighunt-binance-bbo-20260327..20260327-20260328_025442-f4ff47ab-t1__FULLSCAN_MAJOR__87e96efca5a446ff89e891557450841fe70f219ed58817610f1d788d453da10d	PROMOTE_STRONG	/home/deploy/quantlab-evidence-archive/20260328_slim/multi-hypothesis-phase5-bighunt-binance-bbo-20260327..20260327-20260328_025442-f4ff47ab-t1__FULLSCAN_MAJOR	4	4	20	1132028.0	66.66	NEW
multi-hypothesis-phase5-bighunt-binance-bbo-20260401..20260401-20260402_025816-997a2e23-t1__FULLSCAN_MAJOR__a63fcdba4cb47708b2bf14fbf6841f59537df7dd8ee9c658b12c80b0cd4471ff	PROMOTE_STRONG	/home/deploy/quantlab-evidence-archive/20260402_slim/multi-hypothesis-phase5-bighunt-binance-bbo-20260401..20260401-20260402_025816-997a2e23-t1__FULLSCAN_MAJOR	4	4	20	1340068.0	75.21	NEW
multi-hypothesis-phase5-bighunt-binance-bbo-20260406..20260406-20260407_025946-458e1c7c-t1__FULLSCAN_MAJOR__742b3884d7daa8bc50a5e789d74026f8e11cfda8b8204f822392bc56b701de17	PROMOTE_STRONG	/home/deploy/quantlab-evidence-archive/20260407_slim/multi-hypothesis-phase5-bighunt-binance-bbo-20260406..20260406-20260407_025946-458e1c7c-t1__FULLSCAN_MAJOR	8	8	20	1360068.0	496.36	NEW
multi-hypothesis-phase5-bighunt-binance-bbo-20260407..20260407-20260408_023812-08348e8a-t1__FULLSCAN_MAJOR__99232f522d8262171372631881a99ddc123e92f4253f666d2f662e01a099dbad	PROMOTE_STRONG	/home/deploy/quantlab-evidence-archive/20260408_slim/multi-hypothesis-phase5-bighunt-binance-bbo-20260407..20260407-20260408_023812-08348e8a-t1__FULLSCAN_MAJOR	8	8	20	1678112.0	388.25	NEW
multi-hypothesis-phase5-bighunt-binance-bbo-20260408..20260408-20260409_024547-22e547ba-t1__FULLSCAN_MAJOR__c2bbd951e1b2315daefad4027a803190c3f1da6136875de9353760bc74690ec6	PROMOTE_STRONG	/home/deploy/quantlab-evidence-archive/20260409_slim/multi-hypothesis-phase5-bighunt-binance-bbo-20260408..20260408-20260409_024547-22e547ba-t1__FULLSCAN_MAJOR	8	8	20	1456848.0	320.56	NEW
multi-hypothesis-phase5-bighunt-binance-bbo-20260409..20260409-20260410_025323-d69835d4-t1__FULLSCAN_MAJOR__4f5f2d53e31cdf120dc69fa5f35929d5c2778aab35b739df12a43270298e35ea	PROMOTE_STRONG	/home/deploy/quantlab-evidence-archive/20260410_slim/multi-hypothesis-phase5-bighunt-binance-bbo-20260409..20260409-20260410_025323-d69835d4-t1__FULLSCAN_MAJOR	8	8	20	1524768.0	335.12	NEW
multi-hypothesis-phase5-bighunt-binance-bbo-20260410..20260410-20260411_030040-f5c3ea5f-t1__FULLSCAN_MAJOR__3a16d6c4cf550b3a3b57f365df92a661698a9fecff7a305d0ebae4dd3faad32b	PROMOTE_STRONG	/home/deploy/quantlab-evidence-archive/20260411_slim/multi-hypothesis-phase5-bighunt-binance-bbo-20260410..20260410-20260411_030040-f5c3ea5f-t1__FULLSCAN_MAJOR	8	8	20	1316940.0	280.65	NEW
multi-hypothesis-phase5-bighunt-binance-bbo-20260413..20260413-20260414_024732-8d494db8-t1__FULLSCAN_MAJOR__6a62d21774231bfa35329c5760822654aa5b2ed0525dff582c8309d224d4f183	PROMOTE_STRONG	/home/deploy/quantlab-evidence-archive/20260414_slim/multi-hypothesis-phase5-bighunt-binance-bbo-20260413..20260413-20260414_024732-8d494db8-t1__FULLSCAN_MAJOR	8	8	20	1829300.0	409.16	NEW
multi-hypothesis-phase5-bighunt-binance-bbo-20260414..20260414-20260415_025554-3626b4b0-t1__FULLSCAN_MAJOR__4c26c268d80623edd8ce89f8ad5681049659c4f5f9f92c0c072b258be573607f	PROMOTE_STRONG	/home/deploy/quantlab-evidence-archive/20260415_slim/multi-hypothesis-phase5-bighunt-binance-bbo-20260414..20260414-20260415_025554-3626b4b0-t1__FULLSCAN_MAJOR	8	8	20	1477796.0	327.85	NEW
multi-hypothesis-phase5-bighunt-binance-bbo-20260416..20260416-20260417_023945-2c406278-t1__FULLSCAN_MAJOR__8fb903f15fd3f18bc6e1ed4d90bb65cb1c28b88751860f697aeb5ee5006421a5	PROMOTE_STRONG	/home/deploy/quantlab-evidence-archive/20260417_slim/multi-hypothesis-phase5-bighunt-binance-bbo-20260416..20260416-20260417_023945-2c406278-t1__FULLSCAN_MAJOR	6	6	15	1836176.0	424.44	NEW
multi-hypothesis-phase5-bighunt-binance-bbo-20260417..20260417-20260418_024402-748504f5-t1__FULLSCAN_MAJOR__56c560dee3441d9527854808a6992b94322320238b589d6df5b4f53f67e2b3ff	PROMOTE_STRONG	/home/deploy/quantlab-evidence-archive/20260418_slim/multi-hypothesis-phase5-bighunt-binance-bbo-20260417..20260417-20260418_024402-748504f5-t1__FULLSCAN_MAJOR	8	8	20	1952688.0	455.14	NEW
multi-hypothesis-phase5-bighunt-binance-bbo-20260418..20260418-20260419_024846-31c97da7-t1__FULLSCAN_MAJOR__637637863ec411373d2b8a8e9a6086b432aed5a640508a80efc4541d2b9bf7b6	PROMOTE_STRONG	/home/deploy/quantlab-evidence-archive/20260419_slim/multi-hypothesis-phase5-bighunt-binance-bbo-20260418..20260418-20260419_024846-31c97da7-t1__FULLSCAN_MAJOR	8	8	20	1315064.0	288.57	NEW
multi-hypothesis-phase5-bighunt-binance-bbo-20260419..20260419-20260420_025602-99685abf-t1__FULLSCAN_MAJOR__798c4fea7dcd868875668b88fe9ef2663f84edc2df551134abf03e47e1badae0	PROMOTE_STRONG	/home/deploy/quantlab-evidence-archive/20260420_slim/multi-hypothesis-phase5-bighunt-binance-bbo-20260419..20260419-20260420_025602-99685abf-t1__FULLSCAN_MAJOR	8	8	20	1653908.0	359.03	NEW
multi-hypothesis-phase5-bighunt-binance-bbo-20260420..20260420-20260421_030325-65d5ddc1-t1__FULLSCAN_MAJOR__d8ddd87f4d77e41cc62f19836e421b0cc8fc418f8923a2df4cf3aed64726fb89	PROMOTE_STRONG	/home/deploy/quantlab-evidence-archive/20260421_slim/multi-hypothesis-phase5-bighunt-binance-bbo-20260420..20260420-20260421_030325-65d5ddc1-t1__FULLSCAN_MAJOR	8	8	20	1864916.0	433.05	NEW
multi-hypothesis-phase5-bighunt-binance-trade-20260126..20260127-20260305_083648__FULLSCAN_MAJOR__ebd38ebaf46bc6e517de467e8934695a51b2ddfaa11fd85c6c3cd7e3aa2c37d9	PROMOTE	/home/deploy/quantlab-evidence-archive/20260305_slim/multi-hypothesis-phase5-bighunt-binance-trade-20260126..20260127-20260305_083648__FULLSCAN_MAJOR	45	45	9	2305968.0	283.01	NEW
multi-hypothesis-phase5-bighunt-binance-trade-20260126..20260127-20260305_092410-67fecfdd-t1__FULLSCAN_MAJOR__69497c795097c9ae2f088717297d039f279126d919515ba75c95931a0f7dcdeb	PROMOTE	/home/deploy/quantlab-evidence-archive/20260305_slim/multi-hypothesis-phase5-bighunt-binance-trade-20260126..20260127-20260305_092410-67fecfdd-t1__FULLSCAN_MAJOR	45	45	9	2303252.0	286.96	NEW
multi-hypothesis-phase5-bighunt-binance-trade-20260126..20260127-20260305_143035-3a902547-t1__FULLSCAN_MAJOR__1b6f450b5fdc49667e1a8876dc3ebe7e852f9b681f074025f0f408840c4bc1d6	PROMOTE	/home/deploy/quantlab-evidence-archive/20260305_slim/multi-hypothesis-phase5-bighunt-binance-trade-20260126..20260127-20260305_143035-3a902547-t1__FULLSCAN_MAJOR	45	45	9	2117556.0	285.84	NEW
multi-hypothesis-phase5-bighunt-binance-trade-20260127..20260128-20260305_140837-a1512783-t2__FULLSCAN_MAJOR__8736983bb5e4c7826c7d88085a27231e2fb834bc9a2f4e6cfcf149988c4330e8	PROMOTE	/home/deploy/quantlab-evidence-archive/20260305_slim/multi-hypothesis-phase5-bighunt-binance-trade-20260127..20260128-20260305_140837-a1512783-t2__FULLSCAN_MAJOR	45	45	9	2125480.0	292.3	NEW
multi-hypothesis-phase5-bighunt-binance-trade-20260226..20260227-20260305_151319-51538807-t1__FULLSCAN_MAJOR__8ac2b96b23fa74bc83b194c6873debdbd2fe5d3c46556b1ef0a8725a137a758a	PROMOTE	/home/deploy/quantlab-evidence-archive/20260305_slim/multi-hypothesis-phase5-bighunt-binance-trade-20260226..20260227-20260305_151319-51538807-t1__FULLSCAN_MAJOR	35	35	7	268996.0	54.5	NEW
multi-hypothesis-phase5-bighunt-binance-trade-20260227..20260228-20260305_151704-70b0f1f2-t1__FULLSCAN_MAJOR__019c89bf9e4986b03df85ef2f7f72e6367aec30c55fe59a76329e81e716e3e1d	PROMOTE	/home/deploy/quantlab-evidence-archive/20260305_slim/multi-hypothesis-phase5-bighunt-binance-trade-20260227..20260228-20260305_151704-70b0f1f2-t1__FULLSCAN_MAJOR	35	35	7	292500.0	59.2	NEW
multi-hypothesis-phase5-mini-fullscan-trade-state-20260305_072046__FULLSCAN_MAJOR__9709a89edd8ac89da2f29e17cf403c04ce1488383aff7204e582bd1a70243325	PROMOTE	/home/deploy/quantlab-evidence-archive/20260305_slim/multi-hypothesis-phase5-mini-fullscan-trade-state-20260305_072046__FULLSCAN_MAJOR	45	45	9	2121568.0	290.3	NEW
multi-hypothesis-phase5-bighunt-binance-bbo-20260117..20260117-20260306_205929-f0bba16a-t1__FULLSCAN_MAJOR__b07af4244cccf07f7143255dda988fb0109289a84e6849ff97070a789b6933f7	PROMOTE	/home/deploy/quantlab-evidence-archive/20260306_slim/multi-hypothesis-phase5-bighunt-binance-bbo-20260117..20260117-20260306_205929-f0bba16a-t1__FULLSCAN_MAJOR	4	4	20	1379356.0	77.54	NEW
multi-hypothesis-phase5-bighunt-binance-bbo-20260118..20260118-20260306_210650-27d6b9da-t1__FULLSCAN_MAJOR__9e7fc63c1349c5e4c0aa7cd1291e7478d4f05cde889d06aa23924240e1417253	PROMOTE	/home/deploy/quantlab-evidence-archive/20260306_slim/multi-hypothesis-phase5-bighunt-binance-bbo-20260118..20260118-20260306_210650-27d6b9da-t1__FULLSCAN_MAJOR	4	4	20	1933032.0	110.32	NEW
multi-hypothesis-phase5-bighunt-binance-trade-20260104..20260104-20260306_132910-64ab9364-t1__FULLSCAN_MAJOR__470998239d0ff4a287d41b412dfadc9877179b4e5991f18ae5a682060bd047c5	PROMOTE	/home/deploy/quantlab-evidence-archive/20260306_slim/multi-hypothesis-phase5-bighunt-binance-trade-20260104..20260104-20260306_132910-64ab9364-t1__FULLSCAN_MAJOR	10	10	2	502236.0	24.54	NEW
multi-hypothesis-phase5-bighunt-binance-trade-20260105..20260105-20260306_172655-28e17bc8-t1__FULLSCAN_MAJOR__751857de5b715a097ccc2df74b09a90235c36bc8c01407718282295bd227c109	PROMOTE	/home/deploy/quantlab-evidence-archive/20260306_slim/multi-hypothesis-phase5-bighunt-binance-trade-20260105..20260105-20260306_172655-28e17bc8-t1__FULLSCAN_MAJOR	10	10	2	710744.0	140.6	NEW
multi-hypothesis-phase5-bighunt-binance-trade-20260106..20260106-20260306_175724-0759b8da-t1__FULLSCAN_MAJOR__68b8b838a4fa3fe1e421817c019c5e7c3f51c83c46196201e3c01b38b9ef821f	PROMOTE	/home/deploy/quantlab-evidence-archive/20260306_slim/multi-hypothesis-phase5-bighunt-binance-trade-20260106..20260106-20260306_175724-0759b8da-t1__FULLSCAN_MAJOR	5	5	1	698044.0	47.04	NEW
multi-hypothesis-phase5-bighunt-binance-trade-20260110..20260110-20260306_191628-45744fbd-t1__FULLSCAN_MAJOR__5486ce35eaa8fda8b67519c16f53424496e4ec23f286c51833b830e1146137ba	PROMOTE	/home/deploy/quantlab-evidence-archive/20260306_slim/multi-hypothesis-phase5-bighunt-binance-trade-20260110..20260110-20260306_191628-45744fbd-t1__FULLSCAN_MAJOR	10	10	2	81712.0	5.41	NEW
multi-hypothesis-phase5-bighunt-binance-trade-20260114..20260114-20260306_195953-93f14058-t1__FULLSCAN_MAJOR__5124034542d4a116c97b8522371610001d68049b5f91123bad451397e8442b47	PROMOTE	/home/deploy/quantlab-evidence-archive/20260306_slim/multi-hypothesis-phase5-bighunt-binance-trade-20260114..20260114-20260306_195953-93f14058-t1__FULLSCAN_MAJOR	10	10	2	666416.0	155.9	NEW
multi-hypothesis-phase5-bighunt-binance-trade-20260115..20260115-20260306_203035-2a65e9d0-t1__FULLSCAN_MAJOR__ff21929d1fd4d1958a603793b6e4d5dbcba9d9b06426c1af4fc2e6d359071a50	PROMOTE	/home/deploy/quantlab-evidence-archive/20260306_slim/multi-hypothesis-phase5-bighunt-binance-trade-20260115..20260115-20260306_203035-2a65e9d0-t1__FULLSCAN_MAJOR	15	15	3	584556.0	137.44	NEW
multi-hypothesis-phase5-bighunt-binance-trade-20260117..20260117-20260306_210212-1a441c1e-t1__FULLSCAN_MAJOR__23cfd9796dab7d75190973d72ed41254529eea262d8094c1500f3e4b17ccbfc6	PROMOTE	/home/deploy/quantlab-evidence-archive/20260306_slim/multi-hypothesis-phase5-bighunt-binance-trade-20260117..20260117-20260306_210212-1a441c1e-t1__FULLSCAN_MAJOR	5	5	1	525688.0	34.15	NEW
multi-hypothesis-phase5-bighunt-binance-trade-20260118..20260118-20260306_211057-cb510e52-t1__FULLSCAN_MAJOR__63b33fd2370496d343ef304c15065e4d427c54328a76562f17eb3c3079769ba1	PROMOTE	/home/deploy/quantlab-evidence-archive/20260306_slim/multi-hypothesis-phase5-bighunt-binance-trade-20260118..20260118-20260306_211057-cb510e52-t1__FULLSCAN_MAJOR	5	5	1	659580.0	42.87	NEW
multi-hypothesis-phase5-bighunt-binance-trade-20260121..20260121-20260306_214501-4e811022-t1__FULLSCAN_MAJOR__7afa062325a96355adbbe0d6346dced5f8d0053b78c255359cabdf2194316a8f	PROMOTE	/home/deploy/quantlab-evidence-archive/20260306_slim/multi-hypothesis-phase5-bighunt-binance-trade-20260121..20260121-20260306_214501-4e811022-t1__FULLSCAN_MAJOR	10	10	2	131956.0	15.11	NEW
multi-hypothesis-phase5-bighunt-binance-trade-20260122..20260122-20260306_221018-a5a73db4-t1__FULLSCAN_MAJOR__6b9bbac0774b191313ef8636b0787649411875663abecfc4c518f664570860f5	PROMOTE	/home/deploy/quantlab-evidence-archive/20260306_slim/multi-hypothesis-phase5-bighunt-binance-trade-20260122..20260122-20260306_221018-a5a73db4-t1__FULLSCAN_MAJOR	10	10	2	570888.0	132.02	NEW
multi-hypothesis-phase5-bighunt-binance-trade-20260123..20260123-20260306_223341-14b84771-t1__FULLSCAN_MAJOR__2c7ff062e01fd56541cc28fa6f89ed8acf6a7ab849ef36e08028536c36e3dd1e	PROMOTE	/home/deploy/quantlab-evidence-archive/20260306_slim/multi-hypothesis-phase5-bighunt-binance-trade-20260123..20260123-20260306_223341-14b84771-t1__FULLSCAN_MAJOR	10	10	2	569836.0	131.8	NEW
multi-hypothesis-phase5-bighunt-binance-trade-20260124..20260124-20260306_224806-9217e92f-t1__FULLSCAN_MAJOR__5c082b732a585add2d4dd97b244007453b25b3999e161abe14d9b0ee5d9bd628	PROMOTE	/home/deploy/quantlab-evidence-archive/20260306_slim/multi-hypothesis-phase5-bighunt-binance-trade-20260124..20260124-20260306_224806-9217e92f-t1__FULLSCAN_MAJOR	20	20	4	1341084.0	94.61	NEW
multi-hypothesis-phase5-bighunt-binance-trade-20260126..20260126-20260306_234314-3c90bac0-t1__FULLSCAN_MAJOR__bd7c0351d59f666e4bca3f75240dbf81f4e23563f492f5cea7931f6631cea73d	PROMOTE	/home/deploy/quantlab-evidence-archive/20260306_slim/multi-hypothesis-phase5-bighunt-binance-trade-20260126..20260126-20260306_234314-3c90bac0-t1__FULLSCAN_MAJOR	45	45	9	1865760.0	146.01	NEW
multi-hypothesis-phase5-bighunt-binance-trade-20260226..20260227-20260306_063952-e2efix1__FULLSCAN_MAJOR__0d68a8be923d9a3b598f9a947312ae19f1529cdfd3e7eea40d8078200ffbaab0	PROMOTE	/home/deploy/quantlab-evidence-archive/20260306_slim/multi-hypothesis-phase5-bighunt-binance-trade-20260226..20260227-20260306_063952-e2efix1__FULLSCAN_MAJOR	5	5	1	129972.0	19.19	NEW
multi-hypothesis-phase5-bighunt-binance-trade-20260302..20260303-20260306_094633-d5dbd181-t1__FULLSCAN_MAJOR__ff80c569bcaa0490aa4ffb44aa9a9c286eda5828222da2a9996fe20a1495eacf	PROMOTE	/home/deploy/quantlab-evidence-archive/20260306_slim/multi-hypothesis-phase5-bighunt-binance-trade-20260302..20260303-20260306_094633-d5dbd181-t1__FULLSCAN_MAJOR	35	35	7	324688.0	65.74	NEW
multi-hypothesis-phase5-bighunt-binance-trade-20260303..20260304-20260306_113334-eacbdf5c-t1__FULLSCAN_MAJOR__2456938e47702497f5c2107075a4bd8b6e40b72f2f5af8f03eaf9692ecbd92f4	PROMOTE	/home/deploy/quantlab-evidence-archive/20260306_slim/multi-hypothesis-phase5-bighunt-binance-trade-20260303..20260304-20260306_113334-eacbdf5c-t1__FULLSCAN_MAJOR	35	35	7	326060.0	68.56	NEW
multi-hypothesis-phase5-bighunt-bybit-bbo-20260110..20260110-20260306_191708-c7000844-t1__FULLSCAN_MAJOR__0ad17f23e150de63e15707976dbaed17fb6de1ecd029fde053d3a21c1abad06e	PROMOTE	/home/deploy/quantlab-evidence-archive/20260306_slim/multi-hypothesis-phase5-bighunt-bybit-bbo-20260110..20260110-20260306_191708-c7000844-t1__FULLSCAN_MAJOR	2	2	10	76736.0	1.53	NEW
multi-hypothesis-phase5-bighunt-okx-bbo-20260107..20260107-20260306_182939-72489212-t1__FULLSCAN_MAJOR__6ac2df69162aa2bfb7a888b94c87fe6d923e54c36ff2ae75833c34ca7890b3bc	PROMOTE	/home/deploy/quantlab-evidence-archive/20260306_slim/multi-hypothesis-phase5-bighunt-okx-bbo-20260107..20260107-20260306_182939-72489212-t1__FULLSCAN_MAJOR	3	3	15	246432.0	8.98	NEW
multi-hypothesis-phase5-bighunt-okx-bbo-20260122..20260122-20260306_221750-26b2837d-t1__FULLSCAN_MAJOR__27ed60069409f4691020ffec211cae8fc28cb9efeb2d7b05d4f1905ec1226ae6	PROMOTE	/home/deploy/quantlab-evidence-archive/20260306_slim/multi-hypothesis-phase5-bighunt-okx-bbo-20260122..20260122-20260306_221750-26b2837d-t1__FULLSCAN_MAJOR	1	1	5	243104.0	9.03	NEW
multi-hypothesis-phase5-bighunt-okx-trade-20260107..20260107-20260306_183037-ccafb196-t1__FULLSCAN_MAJOR__c9b25ff2ee73679ae97b667d2e208bd1e817288901b8cf18779ba0bfe4a3c914	PROMOTE	/home/deploy/quantlab-evidence-archive/20260306_slim/multi-hypothesis-phase5-bighunt-okx-trade-20260107..20260107-20260306_183037-ccafb196-t1__FULLSCAN_MAJOR	5	5	1	566988.0	130.45	NEW
multi-hypothesis-phase5-bighunt-okx-trade-20260112..20260112-20260306_194647-f3732d7d-t1__FULLSCAN_MAJOR__a2f14ac3eefec33d888700a217e805c5e6c5b16859f76c186859fec8fd3bf141	PROMOTE	/home/deploy/quantlab-evidence-archive/20260306_slim/multi-hypothesis-phase5-bighunt-okx-trade-20260112..20260112-20260306_194647-f3732d7d-t1__FULLSCAN_MAJOR	5	5	1	560164.0	130.78	NEW
multi-hypothesis-phase5-bighunt-okx-trade-20260116..20260116-20260306_205855-f52a70ed-t1__FULLSCAN_MAJOR__4b69784c2ecbc83b4c74f37b776729aa344ac86004aea99c6d31ca272f847c90	PROMOTE	/home/deploy/quantlab-evidence-archive/20260306_slim/multi-hypothesis-phase5-bighunt-okx-trade-20260116..20260116-20260306_205855-f52a70ed-t1__FULLSCAN_MAJOR	5	5	1	83696.0	5.98	NEW
multi-hypothesis-phase5-bighunt-okx-trade-20260122..20260122-20260306_221828-28523733-t1__FULLSCAN_MAJOR__066147494550bcf4b8c7d807a6124d7e254094cc9094a82fa877c3e447a97f0d	PROMOTE	/home/deploy/quantlab-evidence-archive/20260306_slim/multi-hypothesis-phase5-bighunt-okx-trade-20260122..20260122-20260306_221828-28523733-t1__FULLSCAN_MAJOR	10	10	2	679684.0	157.56	NEW
multi-hypothesis-phase5-day-benchmark-binance-trade-20260104-20260306_102926__FULLSCAN_MAJOR__b56c960fa2b5365433d20003eae450803cc5929382ae44940b179c73487bc969	PROMOTE	/home/deploy/quantlab-evidence-archive/20260306_slim/multi-hypothesis-phase5-day-benchmark-binance-trade-20260104-20260306_102926__FULLSCAN_MAJOR	10	10	2	562684.0	23.46	NEW
multi-hypothesis-phase5-day-benchmark-binance-trade-20260303-20260306_122929__FULLSCAN_MAJOR__ddc202fbb2ed6b765494fd68ed2aa0d9d3dd4a0049c29a8b5e9c9788201677f4	PROMOTE	/home/deploy/quantlab-evidence-archive/20260306_slim/multi-hypothesis-phase5-day-benchmark-binance-trade-20260303-20260306_122929__FULLSCAN_MAJOR	35	35	7	200808.0	33.15	NEW
multi-hypothesis-phase5-bighunt-binance-trade-20260127..20260127-20260307_002719-09d1bb2e-t1__FULLSCAN_MAJOR__d1f931f6386fcfb70f46c1ebaf8dd39e16dd790a36b804aeed81975472127ae0	PROMOTE	/home/deploy/quantlab-evidence-archive/20260307_slim/multi-hypothesis-phase5-bighunt-binance-trade-20260127..20260127-20260307_002719-09d1bb2e-t1__FULLSCAN_MAJOR	45	45	9	1781596.0	180.58	NEW
multi-hypothesis-phase5-bighunt-binance-trade-20260128..20260128-20260307_011221-8407b3d3-t1__FULLSCAN_MAJOR__ec98bad7de5d542800d3ad56cba327d120e6abd1f8b34f1c994f9fd2a3f2c150	PROMOTE	/home/deploy/quantlab-evidence-archive/20260307_slim/multi-hypothesis-phase5-bighunt-binance-trade-20260128..20260128-20260307_011221-8407b3d3-t1__FULLSCAN_MAJOR	45	45	9	1981532.0	158.39	NEW
multi-hypothesis-phase5-bighunt-binance-trade-20260129..20260129-20260307_015448-7215d644-t1__FULLSCAN_MAJOR__fb237d12aefa9c9c32ae83cfa1c7d5cc157298291d8b05745e9a26843c682bbd	PROMOTE	/home/deploy/quantlab-evidence-archive/20260307_slim/multi-hypothesis-phase5-bighunt-binance-trade-20260129..20260129-20260307_015448-7215d644-t1__FULLSCAN_MAJOR	45	45	9	1347608.0	189.47	NEW
multi-hypothesis-phase5-bighunt-binance-trade-20260203..20260203-20260307_025556-bf3a78e9-t1__FULLSCAN_MAJOR__4a020d49e5cff5a25d7dec9341dad9394d46ccd737a6cf45816f018487990806	PROMOTE	/home/deploy/quantlab-evidence-archive/20260307_slim/multi-hypothesis-phase5-bighunt-binance-trade-20260203..20260203-20260307_025556-bf3a78e9-t1__FULLSCAN_MAJOR	45	45	9	1171288.0	299.68	NEW
multi-hypothesis-phase5-bighunt-binance-trade-20260208..20260208-20260307_035241-27e31b23-t1__FULLSCAN_MAJOR__d20f94a082e3b2941e628382be75c0c84f3324cb7b9191cba7f4516496473681	PROMOTE	/home/deploy/quantlab-evidence-archive/20260307_slim/multi-hypothesis-phase5-bighunt-binance-trade-20260208..20260208-20260307_035241-27e31b23-t1__FULLSCAN_MAJOR	45	45	9	651404.0	159.72	NEW
multi-hypothesis-phase5-bighunt-binance-trade-20260210..20260210-20260307_174433-a6aebc54-t1__FULLSCAN_MAJOR__32e990d17f04bd1e999509bd49521df80cd344189f61f7f6253e472b3804023b	PROMOTE	/home/deploy/quantlab-evidence-archive/20260307_slim/multi-hypothesis-phase5-bighunt-binance-trade-20260210..20260210-20260307_174433-a6aebc54-t1__FULLSCAN_MAJOR	45	45	9	839696.0	205.2	NEW
multi-hypothesis-phase5-bighunt-binance-trade-20260211..20260211-20260307_182254-aeef712d-t1__FULLSCAN_MAJOR__109ef38d55b417d72fb6cd6e401bce04ebb6725c7e63c4fb43058018b4b69ca4	PROMOTE	/home/deploy/quantlab-evidence-archive/20260307_slim/multi-hypothesis-phase5-bighunt-binance-trade-20260211..20260211-20260307_182254-aeef712d-t1__FULLSCAN_MAJOR	45	45	9	887120.0	212.3	NEW
multi-hypothesis-phase5-bighunt-binance-trade-20260212..20260212-20260307_190811-305e36d6-t1__FULLSCAN_MAJOR__38c9532cf07240734c43483156461431f2e36ddaf49ce3a1b35eab0e1976745f	PROMOTE	/home/deploy/quantlab-evidence-archive/20260307_slim/multi-hypothesis-phase5-bighunt-binance-trade-20260212..20260212-20260307_190811-305e36d6-t1__FULLSCAN_MAJOR	35	35	7	170620.0	25.4	NEW
multi-hypothesis-phase5-bighunt-binance-trade-20260213..20260213-20260307_192450-53422719-t1__FULLSCAN_MAJOR__995c8ea3ef2c1772c0b95cc3a745ab8d3052d0fe0677cb33d8e26ccdffbae0f8	PROMOTE	/home/deploy/quantlab-evidence-archive/20260307_slim/multi-hypothesis-phase5-bighunt-binance-trade-20260213..20260213-20260307_192450-53422719-t1__FULLSCAN_MAJOR	35	35	7	198156.0	31.04	NEW
multi-hypothesis-phase5-bighunt-binance-trade-20260214..20260214-20260307_194028-8a3131f7-t1__FULLSCAN_MAJOR__4321db8bcf29cbd86ec527f7637e035a044bcc34acb9f9df1fc25466b724ff52	PROMOTE	/home/deploy/quantlab-evidence-archive/20260307_slim/multi-hypothesis-phase5-bighunt-binance-trade-20260214..20260214-20260307_194028-8a3131f7-t1__FULLSCAN_MAJOR	35	35	7	163068.0	23.78	NEW
multi-hypothesis-phase5-bighunt-binance-trade-20260215..20260215-20260307_195556-31382651-t1__FULLSCAN_MAJOR__76b244b04ef9440e1fc198529b82a1d0ca05c0d7016b47273a966401ba93737b	PROMOTE	/home/deploy/quantlab-evidence-archive/20260307_slim/multi-hypothesis-phase5-bighunt-binance-trade-20260215..20260215-20260307_195556-31382651-t1__FULLSCAN_MAJOR	35	35	7	247440.0	44.76	NEW
multi-hypothesis-phase5-bighunt-binance-trade-20260216..20260216-20260307_201204-1f153e95-t1__FULLSCAN_MAJOR__6d4b6f0376dabaceab37c854d41dfb3738dacb226d737895cef5d02e36364e29	PROMOTE	/home/deploy/quantlab-evidence-archive/20260307_slim/multi-hypothesis-phase5-bighunt-binance-trade-20260216..20260216-20260307_201204-1f153e95-t1__FULLSCAN_MAJOR	35	35	7	171024.0	25.42	NEW
multi-hypothesis-phase5-bighunt-binance-trade-20260217..20260217-20260307_202639-d50308f1-t1__FULLSCAN_MAJOR__0ed2163a25825fb69199b5b3c917e0412d8555b71f57d3507335e51aae0125ab	PROMOTE	/home/deploy/quantlab-evidence-archive/20260307_slim/multi-hypothesis-phase5-bighunt-binance-trade-20260217..20260217-20260307_202639-d50308f1-t1__FULLSCAN_MAJOR	35	35	7	163804.0	23.41	NEW
multi-hypothesis-phase5-bighunt-binance-trade-20260218..20260218-20260307_204156-ab940c9e-t1__FULLSCAN_MAJOR__9f96e7e73a8952a61716258a1a5a46b93e049f01fefb416d32434299c618bcfb	PROMOTE	/home/deploy/quantlab-evidence-archive/20260307_slim/multi-hypothesis-phase5-bighunt-binance-trade-20260218..20260218-20260307_204156-ab940c9e-t1__FULLSCAN_MAJOR	35	35	7	165408.0	24.79	NEW
multi-hypothesis-phase5-bighunt-binance-trade-20260219..20260219-20260307_205704-1693779d-t1__FULLSCAN_MAJOR__17450945191bc84476ad00ca57ea1144aa94b841302c6a30666e9d055b191cfa	PROMOTE	/home/deploy/quantlab-evidence-archive/20260307_slim/multi-hypothesis-phase5-bighunt-binance-trade-20260219..20260219-20260307_205704-1693779d-t1__FULLSCAN_MAJOR	35	35	7	161172.0	23.24	NEW
multi-hypothesis-phase5-bighunt-binance-trade-20260220..20260220-20260307_211155-2b6661b0-t1__FULLSCAN_MAJOR__30395e47ca66656c9145a313820cb279cdf0c67eaf8ea62e4299d6178647a296	PROMOTE	/home/deploy/quantlab-evidence-archive/20260307_slim/multi-hypothesis-phase5-bighunt-binance-trade-20260220..20260220-20260307_211155-2b6661b0-t1__FULLSCAN_MAJOR	35	35	7	167460.0	24.84	NEW
multi-hypothesis-phase5-bighunt-binance-trade-20260221..20260221-20260307_212951-1afaaacf-t1__FULLSCAN_MAJOR__c333f8c93b634c759a777bc8833a614cfbfc6728d4155f484440b853fbdda1ce	PROMOTE	/home/deploy/quantlab-evidence-archive/20260307_slim/multi-hypothesis-phase5-bighunt-binance-trade-20260221..20260221-20260307_212951-1afaaacf-t1__FULLSCAN_MAJOR	45	45	9	277676.0	51.71	NEW
multi-hypothesis-phase5-bighunt-binance-trade-20260222..20260222-20260307_214855-2259d678-t1__FULLSCAN_MAJOR__f6f77334020eed5b4805edea864954eb2db900003b09fe7e815c828f34c772cd	PROMOTE	/home/deploy/quantlab-evidence-archive/20260307_slim/multi-hypothesis-phase5-bighunt-binance-trade-20260222..20260222-20260307_214855-2259d678-t1__FULLSCAN_MAJOR	45	45	9	269192.0	49.68	NEW
multi-hypothesis-phase5-bighunt-binance-trade-20260223..20260223-20260307_220628-17c80b3e-t1__FULLSCAN_MAJOR__2d486b31a872d4f372bab60038a269ffcfc08d2ab0d678960fa63e52bbd61fa2	PROMOTE	/home/deploy/quantlab-evidence-archive/20260307_slim/multi-hypothesis-phase5-bighunt-binance-trade-20260223..20260223-20260307_220628-17c80b3e-t1__FULLSCAN_MAJOR	35	35	7	199580.0	32.1	NEW
multi-hypothesis-phase5-bighunt-binance-trade-20260224..20260224-20260307_222217-0788837f-t1__FULLSCAN_MAJOR__16e446b1fe4b6eba575af36d8e55beb367eb345643e4c3b01f695ebad644515e	PROMOTE	/home/deploy/quantlab-evidence-archive/20260307_slim/multi-hypothesis-phase5-bighunt-binance-trade-20260224..20260224-20260307_222217-0788837f-t1__FULLSCAN_MAJOR	35	35	7	178572.0	27.87	NEW
multi-hypothesis-phase5-bighunt-binance-trade-20260226..20260226-20260307_225643-cd573a6d-t1__FULLSCAN_MAJOR__4883ede73a477b82a880fee75595629f405790e7309dd022b34a1ab79dc01bc7	PROMOTE	/home/deploy/quantlab-evidence-archive/20260307_slim/multi-hypothesis-phase5-bighunt-binance-trade-20260226..20260226-20260307_225643-cd573a6d-t1__FULLSCAN_MAJOR	35	35	7	175868.0	27.16	NEW
multi-hypothesis-phase5-bighunt-binance-trade-20260227..20260227-20260307_231316-b910dca5-t1__FULLSCAN_MAJOR__4bfdd04262256e50f7ecfac710413af5076af34144e241bb00a49ceb8badbdae	PROMOTE	/home/deploy/quantlab-evidence-archive/20260307_slim/multi-hypothesis-phase5-bighunt-binance-trade-20260227..20260227-20260307_231316-b910dca5-t1__FULLSCAN_MAJOR	35	35	7	177128.0	27.46	NEW
multi-hypothesis-phase5-bighunt-binance-trade-20260228..20260228-20260307_232959-34a76040-t1__FULLSCAN_MAJOR__87b8d5ed17555a079876a4479f8f07a1a7b6617cf67e5c94d480e5f7ff7da536	PROMOTE	/home/deploy/quantlab-evidence-archive/20260307_slim/multi-hypothesis-phase5-bighunt-binance-trade-20260228..20260228-20260307_232959-34a76040-t1__FULLSCAN_MAJOR	35	35	7	207316.0	32.32	NEW
multi-hypothesis-phase5-bighunt-binance-trade-20260302..20260302-20260307_234707-8623c97c-t1__FULLSCAN_MAJOR__f879ccaa2446050bd3937a9c86272c805f17c11a2f8142d4fa3276ed43df8b5b	PROMOTE	/home/deploy/quantlab-evidence-archive/20260307_slim/multi-hypothesis-phase5-bighunt-binance-trade-20260302..20260302-20260307_234707-8623c97c-t1__FULLSCAN_MAJOR	35	35	7	216016.0	36.22	NEW
multi-hypothesis-phase5-bighunt-binance-trade-20260303..20260303-20260308_000514-e3a11c5a-t1__FULLSCAN_MAJOR__deb9f9a03c5cdc63fc0260d0831f4ff7d2ac01630561291eee1683dfff09ad8d	PROMOTE	/home/deploy/quantlab-evidence-archive/20260308_slim/multi-hypothesis-phase5-bighunt-binance-trade-20260303..20260303-20260308_000514-e3a11c5a-t1__FULLSCAN_MAJOR	35	35	7	199760.0	31.85	NEW
multi-hypothesis-phase5-bighunt-binance-trade-20260304..20260304-20260308_002329-ec64c4b0-t1__FULLSCAN_MAJOR__63877cedd31fa1ec9ad237bf5a783416f7b0b0dfa2c4aa58bda5cab4d164ba12	PROMOTE	/home/deploy/quantlab-evidence-archive/20260308_slim/multi-hypothesis-phase5-bighunt-binance-trade-20260304..20260304-20260308_002329-ec64c4b0-t1__FULLSCAN_MAJOR	35	35	7	220332.0	36.87	NEW
multi-hypothesis-phase5-bighunt-binance-trade-20260305..20260305-20260308_171224-e80ab529-t1__FULLSCAN_MAJOR__b3819e896c3ea4530fe76b96b61b8c6d7355629b314dd7d2bc300dea17e82025	PROMOTE	/home/deploy/quantlab-evidence-archive/20260308_slim/multi-hypothesis-phase5-bighunt-binance-trade-20260305..20260305-20260308_171224-e80ab529-t1__FULLSCAN_MAJOR	35	35	7	188776.0	29.7	NEW
multi-hypothesis-phase5-bighunt-binance-trade-20260306..20260306-20260308_172751-ade7613d-t1__FULLSCAN_MAJOR__4fee93795b639fab7cdab65f096d823474761b06b902f20f32102a3bcfe92749	PROMOTE	/home/deploy/quantlab-evidence-archive/20260308_slim/multi-hypothesis-phase5-bighunt-binance-trade-20260306..20260306-20260308_172751-ade7613d-t1__FULLSCAN_MAJOR	35	35	7	171892.0	25.92	NEW
multi-hypothesis-phase5-bighunt-binance-trade-20260307..20260307-20260308_174547-d26db6d0-t1__FULLSCAN_MAJOR__74f4dab401f94d366444210fa407701cb2add52e7b6b8e4c3cc4b34456e039b4	PROMOTE	/home/deploy/quantlab-evidence-archive/20260308_slim/multi-hypothesis-phase5-bighunt-binance-trade-20260307..20260307-20260308_174547-d26db6d0-t1__FULLSCAN_MAJOR	45	45	9	328688.0	67.34	NEW
multi-hypothesis-phase5-bighunt-binance-trade-20260309..20260309-20260310_033547-ddaf6513-t1__FULLSCAN_MAJOR__8583aea8ba258fdb42fa9252780faf84407d83a8c645d61d7ec6e4e7ce45bc7c	PROMOTE	/home/deploy/quantlab-evidence-archive/20260310_slim/multi-hypothesis-phase5-bighunt-binance-trade-20260309..20260309-20260310_033547-ddaf6513-t1__FULLSCAN_MAJOR	35	35	7	177736.0	29.11	NEW
multi-hypothesis-phase5-bighunt-okx-bbo-20260309..20260309-20260310_034219-a2d96e91-t1__FULLSCAN_MAJOR__ce51651dd813d42b1b2372a4150cb12f157c4c4b6c7e377813cb5e549a08d703	PROMOTE	/home/deploy/quantlab-evidence-archive/20260310_slim/multi-hypothesis-phase5-bighunt-okx-bbo-20260309..20260309-20260310_034219-a2d96e91-t1__FULLSCAN_MAJOR	3	3	15	209584.0	7.35	NEW
multi-hypothesis-phase5-bighunt-binance-bbo-20260310..20260310-20260311_024102-8179e3e9-t1__FULLSCAN_MAJOR__63ceb70f040925549aa5ab201355dbc2896f01907237a3bcfa73eaadd2e10f55	PROMOTE	/home/deploy/quantlab-evidence-archive/20260311_slim/multi-hypothesis-phase5-bighunt-binance-bbo-20260310..20260310-20260311_024102-8179e3e9-t1__FULLSCAN_MAJOR	2	2	10	923392.0	51.47	NEW
multi-hypothesis-phase5-bighunt-binance-trade-20260310..20260310-20260311_034102-98e3aac7-t1__FULLSCAN_MAJOR__bf4becf653558036caf8a79e468295aeb8d3a1aa47a27fa053b3ce63ef25f9dd	PROMOTE	/home/deploy/quantlab-evidence-archive/20260311_slim/multi-hypothesis-phase5-bighunt-binance-trade-20260310..20260310-20260311_034102-98e3aac7-t1__FULLSCAN_MAJOR	35	35	7	175676.0	28.26	NEW
multi-hypothesis-phase5-bighunt-okx-bbo-20260310..20260310-20260311_034752-0732265c-t1__FULLSCAN_MAJOR__855ff51f051ac3e82a5975ef21c49db25dfcec5338d2b1bdb418e2417ff30052	PROMOTE	/home/deploy/quantlab-evidence-archive/20260311_slim/multi-hypothesis-phase5-bighunt-okx-bbo-20260310..20260310-20260311_034752-0732265c-t1__FULLSCAN_MAJOR	3	3	15	211488.0	7.56	NEW
multi-hypothesis-phase5-bighunt-binance-trade-20260311..20260311-20260312_031855-3d7d91e3-t1__FULLSCAN_MAJOR__0fe810c645a6a50eb85b94740698acd0af4478f1c442ed3fd0c0c083b18169b3	PROMOTE	/home/deploy/quantlab-evidence-archive/20260312_slim/multi-hypothesis-phase5-bighunt-binance-trade-20260311..20260311-20260312_031855-3d7d91e3-t1__FULLSCAN_MAJOR	35	35	7	163348.0	25.54	NEW
multi-hypothesis-phase5-bighunt-okx-bbo-20260311..20260311-20260312_032554-b2d5e16c-t1__FULLSCAN_MAJOR__7a6da285408158ccdb3a6d493953d82ee1e15b49c7f24cba1161b4ec7b4c4bb9	PROMOTE	/home/deploy/quantlab-evidence-archive/20260312_slim/multi-hypothesis-phase5-bighunt-okx-bbo-20260311..20260311-20260312_032554-b2d5e16c-t1__FULLSCAN_MAJOR	6	6	30	255172.0	11.47	NEW
multi-hypothesis-phase5-bighunt-binance-bbo-20260312..20260312-20260313_025446-01247540-t1__FULLSCAN_MAJOR__bf3a7cb6c4b11e27446b771897e8f5728bfa396e80b73da591c710d3292b85a5	PROMOTE	/home/deploy/quantlab-evidence-archive/20260313_slim/multi-hypothesis-phase5-bighunt-binance-bbo-20260312..20260312-20260313_025446-01247540-t1__FULLSCAN_MAJOR	3	3	15	1070692.0	60.82	NEW
multi-hypothesis-phase5-bighunt-binance-trade-20260312..20260312-20260313_035447-26a42e35-t1__FULLSCAN_MAJOR__6970c1af8b30624dcdcad1701abaccb079d90e551b8bc66f1d69ea75384e0395	PROMOTE	/home/deploy/quantlab-evidence-archive/20260313_slim/multi-hypothesis-phase5-bighunt-binance-trade-20260312..20260312-20260313_035447-26a42e35-t1__FULLSCAN_MAJOR	35	35	7	163076.0	24.74	NEW
multi-hypothesis-phase5-bighunt-bybit-bbo-20260312..20260312-20260313_035655-e71f84fd-t1__FULLSCAN_MAJOR__2d06dd88514d06bca9d9d469f1a07c1f2f4d724e6837632bdf8129a7bffeb98f	PROMOTE	/home/deploy/quantlab-evidence-archive/20260313_slim/multi-hypothesis-phase5-bighunt-bybit-bbo-20260312..20260312-20260313_035655-e71f84fd-t1__FULLSCAN_MAJOR	4	4	20	171280.0	5.33	NEW
multi-hypothesis-phase5-bighunt-bybit-trade-20260312..20260312-20260313_172659-ff24f995-t1__FULLSCAN_MAJOR__830ad7e3cc0bbf6fcb9257a0e93c48cff2c3ab21e08a9e3fbd1743d7235aabcc	PROMOTE	/home/deploy/quantlab-evidence-archive/20260313_slim/multi-hypothesis-phase5-bighunt-bybit-trade-20260312..20260312-20260313_172659-ff24f995-t1__FULLSCAN_MAJOR	35	35	7	286940.0	54.15	NEW
multi-hypothesis-phase5-bighunt-binance-bbo-20260313..20260313-20260314_025946-034f0945-t1__FULLSCAN_MAJOR__e5cbeac4c685b7bd584ee118ae74b4e2684ddafe83959d32272daa1780cfb96d	PROMOTE	/home/deploy/quantlab-evidence-archive/20260314_slim/multi-hypothesis-phase5-bighunt-binance-bbo-20260313..20260313-20260314_025946-034f0945-t1__FULLSCAN_MAJOR	3	3	15	1211692.0	67.42	NEW
multi-hypothesis-phase5-bighunt-binance-bbo-20260314..20260314-20260315_023647-46f73195-t1__FULLSCAN_MAJOR__fbe42a459e537748bb967ca1b06e52a0bdc0b477eaeab02f3147da711ca1acb4	PROMOTE	/home/deploy/quantlab-evidence-archive/20260315_slim/multi-hypothesis-phase5-bighunt-binance-bbo-20260314..20260314-20260315_023647-46f73195-t1__FULLSCAN_MAJOR	1	1	5	504180.0	24.93	NEW
multi-hypothesis-phase5-bighunt-binance-trade-20260314..20260314-20260315_033647-54bb10e3-t1__FULLSCAN_MAJOR__047117418366ad764c2c38b0991f9aaa2929f116ad8f24a04dc3483c9cb664d3	PROMOTE	/home/deploy/quantlab-evidence-archive/20260315_slim/multi-hypothesis-phase5-bighunt-binance-trade-20260314..20260314-20260315_033647-54bb10e3-t1__FULLSCAN_MAJOR	45	45	9	282112.0	56.2	NEW
multi-hypothesis-phase5-bighunt-bybit-bbo-20260314..20260314-20260315_034045-4857fa1e-t1__FULLSCAN_MAJOR__ca05ec582987925b2212a3f18ac64a97e56503866a7e4cf5346465b6fe526c53	PROMOTE	/home/deploy/quantlab-evidence-archive/20260315_slim/multi-hypothesis-phase5-bighunt-bybit-bbo-20260314..20260314-20260315_034045-4857fa1e-t1__FULLSCAN_MAJOR	7	7	35	110004.0	2.91	NEW
multi-hypothesis-phase5-bighunt-binance-bbo-20260315..20260315-20260316_023946-5fcbb937-t1__FULLSCAN_MAJOR__1f499d89b647c80f4aa603a1806f55baa4aa07a655e2355fe0adc709227033ab	PROMOTE	/home/deploy/quantlab-evidence-archive/20260316_slim/multi-hypothesis-phase5-bighunt-binance-bbo-20260315..20260315-20260316_023946-5fcbb937-t1__FULLSCAN_MAJOR	2	2	10	613304.0	29.71	NEW
multi-hypothesis-phase5-bighunt-binance-trade-20260315..20260315-20260316_033947-5f146473-t1__FULLSCAN_MAJOR__357bdcfe592e51612b202bec750fa061fede1d7b7c0c4a5a96334114d1237c7f	PROMOTE	/home/deploy/quantlab-evidence-archive/20260316_slim/multi-hypothesis-phase5-bighunt-binance-trade-20260315..20260315-20260316_033947-5f146473-t1__FULLSCAN_MAJOR	35	35	7	154136.0	23.15	NEW
multi-hypothesis-phase5-bighunt-binance-bbo-20260316..20260316-20260317_024346-4d30a871-t1__FULLSCAN_MAJOR__bb15a3ed0e4cbf19b4eae03a92a9d21742227ccc4c6858b43d79bca8013885d4	PROMOTE	/home/deploy/quantlab-evidence-archive/20260317_slim/multi-hypothesis-phase5-bighunt-binance-bbo-20260316..20260316-20260317_024346-4d30a871-t1__FULLSCAN_MAJOR	2	2	10	973572.0	51.71	NEW
multi-hypothesis-phase5-bighunt-binance-trade-20260316..20260316-20260317_171725-eef2945c-t1__FULLSCAN_MAJOR__c841586efd9e76bb6b53c7def7df5f55237dd7ee961a1471fd2f02742c811fd7	PROMOTE	/home/deploy/quantlab-evidence-archive/20260317_slim/multi-hypothesis-phase5-bighunt-binance-trade-20260316..20260316-20260317_171725-eef2945c-t1__FULLSCAN_MAJOR	35	35	7	206584.0	33.73	NEW
multi-hypothesis-phase5-bighunt-binance-bbo-20260317..20260317-20260318_025106-5010f845-t1__FULLSCAN_MAJOR__9c95a0c2041cc6b1f282261d9e6ec1620423402f243c1af8f2f6669e0936f19c	PROMOTE	/home/deploy/quantlab-evidence-archive/20260318_slim/multi-hypothesis-phase5-bighunt-binance-bbo-20260317..20260317-20260318_025106-5010f845-t1__FULLSCAN_MAJOR	3	3	15	1064512.0	98.29	NEW
multi-hypothesis-phase5-bighunt-binance-trade-20260318..20260318-20260319_030216-3283093c-t1__FULLSCAN_MAJOR__d85edda661ab7a191ff1f22037a8744cee4f556cf6f3f5af86472cfae274684d	PROMOTE	/home/deploy/quantlab-evidence-archive/20260319_slim/multi-hypothesis-phase5-bighunt-binance-trade-20260318..20260318-20260319_030216-3283093c-t1__FULLSCAN_MAJOR	35	35	7	171620.0	27.01	NEW
multi-hypothesis-phase5-bighunt-bybit-bbo-20260318..20260318-20260319_030449-d65f84fc-t1__FULLSCAN_MAJOR__f50d52a34b09384f546913d75b2cdec07a4ff54b64cec6e8e939d35f00c7c5bc	PROMOTE	/home/deploy/quantlab-evidence-archive/20260319_slim/multi-hypothesis-phase5-bighunt-bybit-bbo-20260318..20260318-20260319_030449-d65f84fc-t1__FULLSCAN_MAJOR	7	7	35	168504.0	5.46	NEW
multi-hypothesis-phase5-bighunt-okx-bbo-20260318..20260318-20260319_033240-903529d4-t1__FULLSCAN_MAJOR__902080bb31395748affe98595bf55c487783d1f59d7fdca66f685165a43bc996	PROMOTE	/home/deploy/quantlab-evidence-archive/20260319_slim/multi-hypothesis-phase5-bighunt-okx-bbo-20260318..20260318-20260319_033240-903529d4-t1__FULLSCAN_MAJOR	10	10	50	257240.0	9.38	NEW
multi-hypothesis-phase5-bighunt-binance-bbo-20260319..20260319-20260320_023425-54134ae0-t1__FULLSCAN_MAJOR__7d7f59a13c302b04ae37de9fee334d4be128f7c3febcab8480f6694b6fef670a	PROMOTE	/home/deploy/quantlab-evidence-archive/20260320_slim/multi-hypothesis-phase5-bighunt-binance-bbo-20260319..20260319-20260320_023425-54134ae0-t1__FULLSCAN_MAJOR	1	1	5	681340.0	35.66	NEW
multi-hypothesis-phase5-bighunt-binance-trade-20260319..20260319-20260320_030426-3d38af39-t1__FULLSCAN_MAJOR__454d24ef9317cf38da2d2f4cb772feada78677886b487f243fff6c8b413f0fa9	PROMOTE	/home/deploy/quantlab-evidence-archive/20260320_slim/multi-hypothesis-phase5-bighunt-binance-trade-20260319..20260319-20260320_030426-3d38af39-t1__FULLSCAN_MAJOR	15	15	3	144448.0	19.66	NEW
multi-hypothesis-phase5-bighunt-bybit-bbo-20260319..20260319-20260320_033426-c5d22ce5-t1__FULLSCAN_MAJOR__11459c65e7f894b08475afbf51bc6ec83eaff84dddd15e9984f187ac59cdad07	PROMOTE	/home/deploy/quantlab-evidence-archive/20260320_slim/multi-hypothesis-phase5-bighunt-bybit-bbo-20260319..20260319-20260320_033426-c5d22ce5-t1__FULLSCAN_MAJOR	9	9	45	175804.0	12.78	NEW
multi-hypothesis-phase5-bighunt-binance-bbo-20260320..20260320-20260321_023929-43e9b6cd-t1__FULLSCAN_MAJOR__e6b4d83aa2737d7fa77960b8f59f9bc21470aeb175af52c0ce9b1808f5e56222	PROMOTE	/home/deploy/quantlab-evidence-archive/20260321_slim/multi-hypothesis-phase5-bighunt-binance-bbo-20260320..20260320-20260321_023929-43e9b6cd-t1__FULLSCAN_MAJOR	3	3	15	991208.0	57.03	NEW
multi-hypothesis-phase5-bighunt-binance-trade-20260320..20260320-20260321_030929-15e9bc29-t1__FULLSCAN_MAJOR__1170d59992ab4feabbd9b8e024379e30335f6dbc512953641847489a8adce808	PROMOTE	/home/deploy/quantlab-evidence-archive/20260321_slim/multi-hypothesis-phase5-bighunt-binance-trade-20260320..20260320-20260321_030929-15e9bc29-t1__FULLSCAN_MAJOR	30	30	6	143832.0	20.0	NEW
multi-hypothesis-phase5-bighunt-okx-bbo-20260320..20260320-20260321_034409-7682e0ef-t1__FULLSCAN_MAJOR__0011375afa8481140adcf4bd83710ced9c6b1e7e7732c35c240facc5247b8335	PROMOTE	/home/deploy/quantlab-evidence-archive/20260321_slim/multi-hypothesis-phase5-bighunt-okx-bbo-20260320..20260320-20260321_034409-7682e0ef-t1__FULLSCAN_MAJOR	8	8	40	255512.0	9.57	NEW
multi-hypothesis-phase5-bighunt-binance-trade-20260324..20260324-20260325_030659-bebf99c5-t1__FULLSCAN_MAJOR__6d93d6394c3a1ba6409534bbd9371202ec393f5b248cdce7201c1f6470037f19	PROMOTE	/home/deploy/quantlab-evidence-archive/20260325_slim/multi-hypothesis-phase5-bighunt-binance-trade-20260324..20260324-20260325_030659-bebf99c5-t1__FULLSCAN_MAJOR	20	20	4	142176.0	19.2	NEW
multi-hypothesis-phase5-bighunt-binance-bbo-20260325..20260325-20260326_031156-acd10dc5-t1__FULLSCAN_MAJOR__84b63aaa947a63952021bfe91de53d377c39bcbdd71cc1fc79613351b7e32dde	PROMOTE	/home/deploy/quantlab-evidence-archive/20260326_slim/multi-hypothesis-phase5-bighunt-binance-bbo-20260325..20260325-20260326_031156-acd10dc5-t1__FULLSCAN_MAJOR	4	4	20	860468.0	45.9	NEW
multi-hypothesis-phase5-bighunt-binance-trade-20260325..20260325-20260326_171550-b483f726-t1__FULLSCAN_MAJOR__a0c4a9ecfc414f3de357f664f5bf0a6d9f6f2ee4155f30298b853b33e3fd3c3d	PROMOTE	/home/deploy/quantlab-evidence-archive/20260326_slim/multi-hypothesis-phase5-bighunt-binance-trade-20260325..20260325-20260326_171550-b483f726-t1__FULLSCAN_MAJOR	35	35	7	164156.0	24.08	NEW
multi-hypothesis-phase5-bighunt-binance-bbo-20260326..20260326-20260327_024950-1135a0fa-t1__FULLSCAN_MAJOR__13fb31067b04ce6e474cf06a49fa07914e6d6ed7c89a17b123dbcf95783b3d7d	PROMOTE	/home/deploy/quantlab-evidence-archive/20260327_slim/multi-hypothesis-phase5-bighunt-binance-bbo-20260326..20260326-20260327_024950-1135a0fa-t1__FULLSCAN_MAJOR	4	4	20	840172.0	45.91	NEW
multi-hypothesis-phase5-bighunt-binance-trade-20260326..20260326-20260327_031950-6c5ea30e-t1__FULLSCAN_MAJOR__5e3cc1507131d3198a7b409e3e4b2867f648e4e24af1c6f3130ab45fce34670a	PROMOTE	/home/deploy/quantlab-evidence-archive/20260327_slim/multi-hypothesis-phase5-bighunt-binance-trade-20260326..20260326-20260327_031950-6c5ea30e-t1__FULLSCAN_MAJOR	35	35	7	174812.0	27.38	NEW
multi-hypothesis-phase5-bighunt-bybit-bbo-20260326..20260326-20260327_032214-12628cad-t1__FULLSCAN_MAJOR__35ccd1adfc3df6c72882b7c1b9feef033f1affddac119e961fd4e24fdf6421f3	PROMOTE	/home/deploy/quantlab-evidence-archive/20260327_slim/multi-hypothesis-phase5-bighunt-bybit-bbo-20260326..20260326-20260327_032214-12628cad-t1__FULLSCAN_MAJOR	9	9	45	158888.0	5.59	NEW
multi-hypothesis-phase5-bighunt-bybit-bbo-20260327..20260327-20260328_032659-fa2553c6-t1__FULLSCAN_MAJOR__b7ae1a6205c5760766cf8c104acb1d24a36628f27e5980757e9bb97d2ce41a01	PROMOTE	/home/deploy/quantlab-evidence-archive/20260328_slim/multi-hypothesis-phase5-bighunt-bybit-bbo-20260327..20260327-20260328_032659-fa2553c6-t1__FULLSCAN_MAJOR	2	2	10	103464.0	2.34	NEW
multi-hypothesis-phase5-bighunt-bybit-bbo-20260401..20260401-20260402_032816-9d633a78-t1__FULLSCAN_MAJOR__041dabee94121e256d7d02216e8fc8ab59a54b3d2d90a2d1006a04e6c655c365	PROMOTE	/home/deploy/quantlab-evidence-archive/20260402_slim/multi-hypothesis-phase5-bighunt-bybit-bbo-20260401..20260401-20260402_032816-9d633a78-t1__FULLSCAN_MAJOR	9	9	45	161840.0	4.96	NEW
multi-hypothesis-phase5-bighunt-bybit-trade-20260401..20260401-20260402_035842-fb0a43e3-t1__FULLSCAN_MAJOR__560846611b150fcb8fafa8c4ccad3c1ef0f90cad0e4ffa197042e059968a64e7	PROMOTE	/home/deploy/quantlab-evidence-archive/20260402_slim/multi-hypothesis-phase5-bighunt-bybit-trade-20260401..20260401-20260402_035842-fb0a43e3-t1__FULLSCAN_MAJOR	35	35	7	289724.0	54.17	NEW
multi-hypothesis-phase5-bighunt-binance-trade-20260403..20260403-20260404_031030-5b5d7ae1-t1__FULLSCAN_MAJOR__58c1d3712f3c8e0a2ce88a9e51094a908b0e7c3bca24b1340e10c10e0d7866da	PROMOTE	/home/deploy/quantlab-evidence-archive/20260404_slim/multi-hypothesis-phase5-bighunt-binance-trade-20260403..20260403-20260404_031030-5b5d7ae1-t1__FULLSCAN_MAJOR	45	45	9	294672.0	57.55	NEW
multi-hypothesis-phase5-bighunt-binance-bbo-20260404..20260404-20260405_024607-5d836859-t1__FULLSCAN_MAJOR__664d2f2224b54fbb3254fcadba39b7c671f4fae582f8fc5fb07efadfed57813f	PROMOTE	/home/deploy/quantlab-evidence-archive/20260405_slim/multi-hypothesis-phase5-bighunt-binance-bbo-20260404..20260404-20260405_024607-5d836859-t1__FULLSCAN_MAJOR	4	4	20	1731108.0	99.8	NEW
multi-hypothesis-phase5-bighunt-binance-trade-20260404..20260404-20260405_031607-9a042563-t1__FULLSCAN_MAJOR__45ae64efb8390eb9c2852b0d1db222b9557168ac76b8a1e3f3a205a459450522	PROMOTE	/home/deploy/quantlab-evidence-archive/20260405_slim/multi-hypothesis-phase5-bighunt-binance-trade-20260404..20260404-20260405_031607-9a042563-t1__FULLSCAN_MAJOR	45	45	9	173920.0	26.8	NEW
multi-hypothesis-phase5-bighunt-bybit-bbo-20260404..20260404-20260405_031848-f51b2971-t1__FULLSCAN_MAJOR__603cdc3d7cf005625a502e69cae580c61f853c2d82c81cb96dba2a42d609169f	PROMOTE	/home/deploy/quantlab-evidence-archive/20260405_slim/multi-hypothesis-phase5-bighunt-bybit-bbo-20260404..20260404-20260405_031848-f51b2971-t1__FULLSCAN_MAJOR	1	1	5	83116.0	1.69	NEW
multi-hypothesis-phase5-bighunt-binance-trade-20260405..20260405-20260406_032233-2090f1c4-t1__FULLSCAN_MAJOR__a7b3c31dd82212f25238ec75141aca284f9b8e58b04cbf11e013af5adecb9cf3	PROMOTE	/home/deploy/quantlab-evidence-archive/20260406_slim/multi-hypothesis-phase5-bighunt-binance-trade-20260405..20260405-20260406_032233-2090f1c4-t1__FULLSCAN_MAJOR	45	45	9	300396.0	93.62	NEW
multi-hypothesis-phase5-bighunt-binance-trade-20260407..20260407-20260408_030813-f1c5d54e-t1__FULLSCAN_MAJOR__7a84224e844d58140d48314575629a86a1888fdb8cedcdca9d475093cd63249b	PROMOTE	/home/deploy/quantlab-evidence-archive/20260408_slim/multi-hypothesis-phase5-bighunt-binance-trade-20260407..20260407-20260408_030813-f1c5d54e-t1__FULLSCAN_MAJOR	42	42	7	184872.0	49.55	NEW
multi-hypothesis-phase5-bighunt-binance-trade-20260408..20260408-20260409_031547-8f74e31c-t1__FULLSCAN_MAJOR__0f16eec2de9687a8d4f49b5b35d538c265449bf2c5270e9035872d3fdca89a7b	PROMOTE	/home/deploy/quantlab-evidence-archive/20260409_slim/multi-hypothesis-phase5-bighunt-binance-trade-20260408..20260408-20260409_031547-8f74e31c-t1__FULLSCAN_MAJOR	42	42	7	161676.0	37.79	NEW
multi-hypothesis-phase5-bighunt-binance-trade-20260409..20260409-20260410_032323-cfaefb20-t1__FULLSCAN_MAJOR__891a496434d355b5cb9d99925a9e322696a8689fd65678c61e4779605ef6e16d	PROMOTE	/home/deploy/quantlab-evidence-archive/20260410_slim/multi-hypothesis-phase5-bighunt-binance-trade-20260409..20260409-20260410_032323-cfaefb20-t1__FULLSCAN_MAJOR	42	42	7	162252.0	39.74	NEW
multi-hypothesis-phase5-bighunt-bybit-bbo-20260410..20260410-20260411_031342-03211403-t1__FULLSCAN_MAJOR__f41cadda9a55809886c86aa085494b2d76685a6776308678cdd3a92bec821a02	PROMOTE	/home/deploy/quantlab-evidence-archive/20260411_slim/multi-hypothesis-phase5-bighunt-bybit-bbo-20260410..20260410-20260411_031342-03211403-t1__FULLSCAN_MAJOR	18	18	45	171236.0	16.87	NEW
multi-hypothesis-phase5-bighunt-bybit-trade-20260410..20260410-20260411_033040-3fbf67d1-t1__FULLSCAN_MAJOR__61ed13f1ab778ad30f54cc131cf3544b8d71a3c95322380a15dd66322919cccf	PROMOTE	/home/deploy/quantlab-evidence-archive/20260411_slim/multi-hypothesis-phase5-bighunt-bybit-trade-20260410..20260410-20260411_033040-3fbf67d1-t1__FULLSCAN_MAJOR	42	42	7	215340.0	55.46	NEW
multi-hypothesis-phase5-bighunt-okx-bbo-20260410..20260410-20260411_033416-2f16650f-t1__FULLSCAN_MAJOR__77ee010f0b10bb774f50c8c2a184905064dbdf1dec618f322cbc76b645c01650	PROMOTE	/home/deploy/quantlab-evidence-archive/20260411_slim/multi-hypothesis-phase5-bighunt-okx-bbo-20260410..20260410-20260411_033416-2f16650f-t1__FULLSCAN_MAJOR	12	12	30	285328.0	41.18	NEW
multi-hypothesis-phase5-bighunt-binance-bbo-20260411..20260411-20260412_023657-bd44b9a0-t1__FULLSCAN_MAJOR__e3255edd95a1c4a0316980d380f5c96ce47d0f2a24d37cc625e3fbf9b389bf46	PROMOTE	/home/deploy/quantlab-evidence-archive/20260412_slim/multi-hypothesis-phase5-bighunt-binance-bbo-20260411..20260411-20260412_023657-bd44b9a0-t1__FULLSCAN_MAJOR	6	6	15	950412.0	206.91	NEW
multi-hypothesis-phase5-bighunt-binance-trade-20260411..20260411-20260412_030657-febb6b93-t1__FULLSCAN_MAJOR__9e4e9d128c51470e4eaeb21954a10d6170c1478b02e83b53de68ed3d9e1df441	PROMOTE	/home/deploy/quantlab-evidence-archive/20260412_slim/multi-hypothesis-phase5-bighunt-binance-trade-20260411..20260411-20260412_030657-febb6b93-t1__FULLSCAN_MAJOR	54	54	9	332576.0	108.99	NEW
multi-hypothesis-phase5-bighunt-binance-trade-20260412..20260412-20260413_031400-eae7c824-t1__FULLSCAN_MAJOR__061ec71ebd9eeb17fa28f9dd0bcba067490b72c5fa5a4f87134b60f5fea9914a	PROMOTE	/home/deploy/quantlab-evidence-archive/20260413_slim/multi-hypothesis-phase5-bighunt-binance-trade-20260412..20260412-20260413_031400-eae7c824-t1__FULLSCAN_MAJOR	42	42	7	151744.0	34.44	NEW
multi-hypothesis-phase5-bighunt-okx-bbo-20260412..20260412-20260413_034722-82c73c25-t1__FULLSCAN_MAJOR__2aa77a28b287cb2c793701494302bf2a02495f6299d7c88f2aa6a2a028364138	PROMOTE	/home/deploy/quantlab-evidence-archive/20260413_slim/multi-hypothesis-phase5-bighunt-okx-bbo-20260412..20260412-20260413_034722-82c73c25-t1__FULLSCAN_MAJOR	20	20	50	281336.0	39.43	NEW
multi-hypothesis-phase5-bighunt-binance-trade-20260413..20260413-20260414_031732-21a2202e-t1__FULLSCAN_MAJOR__c4652862d8321adab6214b835a6b3a4cadf6dec29b5619f59f98aa421bce528a	PROMOTE	/home/deploy/quantlab-evidence-archive/20260414_slim/multi-hypothesis-phase5-bighunt-binance-trade-20260413..20260413-20260414_031732-21a2202e-t1__FULLSCAN_MAJOR	42	42	7	167332.0	41.2	NEW
multi-hypothesis-phase5-bighunt-binance-trade-20260414..20260414-20260415_030839-e54ac037-t1__FULLSCAN_MAJOR__6c36aa9c1b88f8c1fce55ccb2961114983b5dd4c0586da6230f56176f4c9b532	PROMOTE	/home/deploy/quantlab-evidence-archive/20260415_slim/multi-hypothesis-phase5-bighunt-binance-trade-20260414..20260414-20260415_030839-e54ac037-t1__FULLSCAN_MAJOR	42	42	7	172108.0	43.32	NEW
multi-hypothesis-phase5-bighunt-binance-bbo-20260415..20260415-20260416_023359-141a086a-t1__FULLSCAN_MAJOR__bf28a850c7d004e78fd26016cab2ad57b7bef85d6b4e88ee56e0f66ed082733f	PROMOTE	/home/deploy/quantlab-evidence-archive/20260416_slim/multi-hypothesis-phase5-bighunt-binance-bbo-20260415..20260415-20260416_023359-141a086a-t1__FULLSCAN_MAJOR	6	6	15	1631672.0	369.54	NEW
multi-hypothesis-phase5-bighunt-binance-trade-20260415..20260415-20260416_030359-a7fa45cc-t1__FULLSCAN_MAJOR__a8efe3e6f500131d66a9e3c4509e253cf170f4a16af9cda9adc3669e485844e6	PROMOTE	/home/deploy/quantlab-evidence-archive/20260416_slim/multi-hypothesis-phase5-bighunt-binance-trade-20260415..20260415-20260416_030359-a7fa45cc-t1__FULLSCAN_MAJOR	42	42	7	156120.0	36.7	NEW
multi-hypothesis-phase5-bighunt-binance-trade-20260416..20260416-20260417_030945-92adfffb-t1__FULLSCAN_MAJOR__b6e32a6b136c0a05cad81001104534a7e798fce0f22adf1791b12c304f4ec68b	PROMOTE	/home/deploy/quantlab-evidence-archive/20260417_slim/multi-hypothesis-phase5-bighunt-binance-trade-20260416..20260416-20260417_030945-92adfffb-t1__FULLSCAN_MAJOR	42	42	7	182940.0	47.25	NEW
multi-hypothesis-phase5-bighunt-bybit-trade-20260416..20260416-20260417_031556-751432e9-t1__FULLSCAN_MAJOR__9399af3ae1f96dce0b70e5a138804c59a08702b0019ecde890b07edf112bfb62	PROMOTE	/home/deploy/quantlab-evidence-archive/20260417_slim/multi-hypothesis-phase5-bighunt-bybit-trade-20260416..20260416-20260417_031556-751432e9-t1__FULLSCAN_MAJOR	36	36	6	294692.0	95.69	NEW
multi-hypothesis-phase5-bighunt-binance-trade-20260417..20260417-20260418_031403-cf2ca049-t1__FULLSCAN_MAJOR__c9726c3943efb0a24f1c504a29426d8e9681ac474c94e553e4d4e0cf9379544e	PROMOTE	/home/deploy/quantlab-evidence-archive/20260418_slim/multi-hypothesis-phase5-bighunt-binance-trade-20260417..20260417-20260418_031403-cf2ca049-t1__FULLSCAN_MAJOR	42	42	7	178384.0	45.81	NEW
multi-hypothesis-phase5-bighunt-binance-trade-20260418..20260418-20260419_031846-487a3dcb-t1__FULLSCAN_MAJOR__58ec8082e8bdaa42900303f4b388dcb8ac98da8c805a08d80eae9cb31b7ed71a	PROMOTE	/home/deploy/quantlab-evidence-archive/20260419_slim/multi-hypothesis-phase5-bighunt-binance-trade-20260418..20260418-20260419_031846-487a3dcb-t1__FULLSCAN_MAJOR	48	48	8	336440.0	115.95	NEW
multi-hypothesis-phase5-bighunt-binance-trade-20260419..20260419-20260420_030921-86844b01-t1__FULLSCAN_MAJOR__47cb54a4d8a2b0e4aec266546d3419f4706b1ca66aa3c7c09233f12abf8e2105	PROMOTE	/home/deploy/quantlab-evidence-archive/20260420_slim/multi-hypothesis-phase5-bighunt-binance-trade-20260419..20260419-20260420_030921-86844b01-t1__FULLSCAN_MAJOR	18	18	3	141984.0	29.74	NEW
multi-hypothesis-phase5-bighunt-binance-trade-20260420..20260420-20260421_031819-a64dd92b-t1__FULLSCAN_MAJOR__a8bc7abff2f9a9541c066eaf540dc1f2e506190b723f548c1fd75c97d102cdee	PROMOTE	/home/deploy/quantlab-evidence-archive/20260421_slim/multi-hypothesis-phase5-bighunt-binance-trade-20260420..20260420-20260421_031819-a64dd92b-t1__FULLSCAN_MAJOR	12	12	2	100048.0	14.0	NEW
multi-hypothesis-phase5-bighunt-bybit-bbo-20260420..20260420-20260421_033324-ce9e6001-t1__FULLSCAN_MAJOR__caa2f0794ed2d0dd4ee613478010e54ed4856debe60785c27e62a6318361a8fa	PROMOTE	/home/deploy/quantlab-evidence-archive/20260421_slim/multi-hypothesis-phase5-bighunt-bybit-bbo-20260420..20260420-20260421_033324-ce9e6001-t1__FULLSCAN_MAJOR	18	18	45	189676.0	19.35	NEW
