label	partition_key	date	data_key	meta_key	bucket	exchange	stream	symbol
day1	binance/trade/adausdt/20260324	20260324	exchange=binance/stream=trade/symbol=adausdt/date=20260324/data.parquet	exchange=binance/stream=trade/symbol=adausdt/date=20260324/meta.json	quantlab-compact	binance	trade	adausdt
day2	binance/trade/adausdt/20260325	20260325	exchange=binance/stream=trade/symbol=adausdt/date=20260325/data.parquet	exchange=binance/stream=trade/symbol=adausdt/date=20260325/meta.json	quantlab-compact	binance	trade	adausdt
day3	binance/trade/adausdt/20260326	20260326	exchange=binance/stream=trade/symbol=adausdt/date=20260326/data.parquet	exchange=binance/stream=trade/symbol=adausdt/date=20260326/meta.json	quantlab-compact	binance	trade	adausdt
day4	binance/trade/adausdt/20260327	20260327	exchange=binance/stream=trade/symbol=adausdt/date=20260327/data.parquet	exchange=binance/stream=trade/symbol=adausdt/date=20260327/meta.json	quantlab-compact	binance	trade	adausdt
day5	binance/trade/adausdt/20260328	20260328	exchange=binance/stream=trade/symbol=adausdt/date=20260328/data.parquet	exchange=binance/stream=trade/symbol=adausdt/date=20260328/meta.json	quantlab-compact	binance	trade	adausdt
day6	binance/trade/avaxusdt/20260324	20260324	exchange=binance/stream=trade/symbol=avaxusdt/date=20260324/data.parquet	exchange=binance/stream=trade/symbol=avaxusdt/date=20260324/meta.json	quantlab-compact	binance	trade	avaxusdt
day7	binance/trade/avaxusdt/20260325	20260325	exchange=binance/stream=trade/symbol=avaxusdt/date=20260325/data.parquet	exchange=binance/stream=trade/symbol=avaxusdt/date=20260325/meta.json	quantlab-compact	binance	trade	avaxusdt
day8	binance/trade/avaxusdt/20260326	20260326	exchange=binance/stream=trade/symbol=avaxusdt/date=20260326/data.parquet	exchange=binance/stream=trade/symbol=avaxusdt/date=20260326/meta.json	quantlab-compact	binance	trade	avaxusdt
day9	binance/trade/avaxusdt/20260327	20260327	exchange=binance/stream=trade/symbol=avaxusdt/date=20260327/data.parquet	exchange=binance/stream=trade/symbol=avaxusdt/date=20260327/meta.json	quantlab-compact	binance	trade	avaxusdt
day10	binance/trade/avaxusdt/20260328	20260328	exchange=binance/stream=trade/symbol=avaxusdt/date=20260328/data.parquet	exchange=binance/stream=trade/symbol=avaxusdt/date=20260328/meta.json	quantlab-compact	binance	trade	avaxusdt
day11	binance/trade/bnbusdt/20260324	20260324	exchange=binance/stream=trade/symbol=bnbusdt/date=20260324/data.parquet	exchange=binance/stream=trade/symbol=bnbusdt/date=20260324/meta.json	quantlab-compact	binance	trade	bnbusdt
day12	binance/trade/bnbusdt/20260325	20260325	exchange=binance/stream=trade/symbol=bnbusdt/date=20260325/data.parquet	exchange=binance/stream=trade/symbol=bnbusdt/date=20260325/meta.json	quantlab-compact	binance	trade	bnbusdt
day13	binance/trade/bnbusdt/20260326	20260326	exchange=binance/stream=trade/symbol=bnbusdt/date=20260326/data.parquet	exchange=binance/stream=trade/symbol=bnbusdt/date=20260326/meta.json	quantlab-compact	binance	trade	bnbusdt
day14	binance/trade/bnbusdt/20260327	20260327	exchange=binance/stream=trade/symbol=bnbusdt/date=20260327/data.parquet	exchange=binance/stream=trade/symbol=bnbusdt/date=20260327/meta.json	quantlab-compact	binance	trade	bnbusdt
day15	binance/trade/bnbusdt/20260328	20260328	exchange=binance/stream=trade/symbol=bnbusdt/date=20260328/data.parquet	exchange=binance/stream=trade/symbol=bnbusdt/date=20260328/meta.json	quantlab-compact	binance	trade	bnbusdt
day16	binance/trade/linkusdt/20260324	20260324	exchange=binance/stream=trade/symbol=linkusdt/date=20260324/data.parquet	exchange=binance/stream=trade/symbol=linkusdt/date=20260324/meta.json	quantlab-compact	binance	trade	linkusdt
day17	binance/trade/linkusdt/20260325	20260325	exchange=binance/stream=trade/symbol=linkusdt/date=20260325/data.parquet	exchange=binance/stream=trade/symbol=linkusdt/date=20260325/meta.json	quantlab-compact	binance	trade	linkusdt
day18	binance/trade/linkusdt/20260326	20260326	exchange=binance/stream=trade/symbol=linkusdt/date=20260326/data.parquet	exchange=binance/stream=trade/symbol=linkusdt/date=20260326/meta.json	quantlab-compact	binance	trade	linkusdt
day19	binance/trade/linkusdt/20260327	20260327	exchange=binance/stream=trade/symbol=linkusdt/date=20260327/data.parquet	exchange=binance/stream=trade/symbol=linkusdt/date=20260327/meta.json	quantlab-compact	binance	trade	linkusdt
day20	binance/trade/linkusdt/20260328	20260328	exchange=binance/stream=trade/symbol=linkusdt/date=20260328/data.parquet	exchange=binance/stream=trade/symbol=linkusdt/date=20260328/meta.json	quantlab-compact	binance	trade	linkusdt
day21	binance/trade/ltcusdt/20260324	20260324	exchange=binance/stream=trade/symbol=ltcusdt/date=20260324/data.parquet	exchange=binance/stream=trade/symbol=ltcusdt/date=20260324/meta.json	quantlab-compact	binance	trade	ltcusdt
day22	binance/trade/ltcusdt/20260325	20260325	exchange=binance/stream=trade/symbol=ltcusdt/date=20260325/data.parquet	exchange=binance/stream=trade/symbol=ltcusdt/date=20260325/meta.json	quantlab-compact	binance	trade	ltcusdt
day23	binance/trade/ltcusdt/20260326	20260326	exchange=binance/stream=trade/symbol=ltcusdt/date=20260326/data.parquet	exchange=binance/stream=trade/symbol=ltcusdt/date=20260326/meta.json	quantlab-compact	binance	trade	ltcusdt
day24	binance/trade/ltcusdt/20260327	20260327	exchange=binance/stream=trade/symbol=ltcusdt/date=20260327/data.parquet	exchange=binance/stream=trade/symbol=ltcusdt/date=20260327/meta.json	quantlab-compact	binance	trade	ltcusdt
day25	binance/trade/ltcusdt/20260328	20260328	exchange=binance/stream=trade/symbol=ltcusdt/date=20260328/data.parquet	exchange=binance/stream=trade/symbol=ltcusdt/date=20260328/meta.json	quantlab-compact	binance	trade	ltcusdt
day26	binance/trade/solusdt/20260324	20260324	exchange=binance/stream=trade/symbol=solusdt/date=20260324/data.parquet	exchange=binance/stream=trade/symbol=solusdt/date=20260324/meta.json	quantlab-compact	binance	trade	solusdt
day27	binance/trade/solusdt/20260325	20260325	exchange=binance/stream=trade/symbol=solusdt/date=20260325/data.parquet	exchange=binance/stream=trade/symbol=solusdt/date=20260325/meta.json	quantlab-compact	binance	trade	solusdt
day28	binance/trade/solusdt/20260326	20260326	exchange=binance/stream=trade/symbol=solusdt/date=20260326/data.parquet	exchange=binance/stream=trade/symbol=solusdt/date=20260326/meta.json	quantlab-compact	binance	trade	solusdt
day29	binance/trade/solusdt/20260327	20260327	exchange=binance/stream=trade/symbol=solusdt/date=20260327/data.parquet	exchange=binance/stream=trade/symbol=solusdt/date=20260327/meta.json	quantlab-compact	binance	trade	solusdt
day30	binance/trade/solusdt/20260328	20260328	exchange=binance/stream=trade/symbol=solusdt/date=20260328/data.parquet	exchange=binance/stream=trade/symbol=solusdt/date=20260328/meta.json	quantlab-compact	binance	trade	solusdt
day31	binance/trade/xrpusdt/20260324	20260324	exchange=binance/stream=trade/symbol=xrpusdt/date=20260324/data.parquet	exchange=binance/stream=trade/symbol=xrpusdt/date=20260324/meta.json	quantlab-compact	binance	trade	xrpusdt
day32	binance/trade/xrpusdt/20260325	20260325	exchange=binance/stream=trade/symbol=xrpusdt/date=20260325/data.parquet	exchange=binance/stream=trade/symbol=xrpusdt/date=20260325/meta.json	quantlab-compact	binance	trade	xrpusdt
day33	binance/trade/xrpusdt/20260326	20260326	exchange=binance/stream=trade/symbol=xrpusdt/date=20260326/data.parquet	exchange=binance/stream=trade/symbol=xrpusdt/date=20260326/meta.json	quantlab-compact	binance	trade	xrpusdt
day34	binance/trade/xrpusdt/20260327	20260327	exchange=binance/stream=trade/symbol=xrpusdt/date=20260327/data.parquet	exchange=binance/stream=trade/symbol=xrpusdt/date=20260327/meta.json	quantlab-compact	binance	trade	xrpusdt
day35	binance/trade/xrpusdt/20260328	20260328	exchange=binance/stream=trade/symbol=xrpusdt/date=20260328/data.parquet	exchange=binance/stream=trade/symbol=xrpusdt/date=20260328/meta.json	quantlab-compact	binance	trade	xrpusdt
day36	bybit/trade/adausdt/20260324	20260324	exchange=bybit/stream=trade/symbol=adausdt/date=20260324/data.parquet	exchange=bybit/stream=trade/symbol=adausdt/date=20260324/meta.json	quantlab-compact	bybit	trade	adausdt
day37	bybit/trade/adausdt/20260325	20260325	exchange=bybit/stream=trade/symbol=adausdt/date=20260325/data.parquet	exchange=bybit/stream=trade/symbol=adausdt/date=20260325/meta.json	quantlab-compact	bybit	trade	adausdt
day38	bybit/trade/adausdt/20260326	20260326	exchange=bybit/stream=trade/symbol=adausdt/date=20260326/data.parquet	exchange=bybit/stream=trade/symbol=adausdt/date=20260326/meta.json	quantlab-compact	bybit	trade	adausdt
day39	bybit/trade/adausdt/20260327	20260327	exchange=bybit/stream=trade/symbol=adausdt/date=20260327/data.parquet	exchange=bybit/stream=trade/symbol=adausdt/date=20260327/meta.json	quantlab-compact	bybit	trade	adausdt
day40	bybit/trade/adausdt/20260328	20260328	exchange=bybit/stream=trade/symbol=adausdt/date=20260328/data.parquet	exchange=bybit/stream=trade/symbol=adausdt/date=20260328/meta.json	quantlab-compact	bybit	trade	adausdt
day41	bybit/trade/avaxusdt/20260324	20260324	exchange=bybit/stream=trade/symbol=avaxusdt/date=20260324/data.parquet	exchange=bybit/stream=trade/symbol=avaxusdt/date=20260324/meta.json	quantlab-compact	bybit	trade	avaxusdt
day42	bybit/trade/avaxusdt/20260325	20260325	exchange=bybit/stream=trade/symbol=avaxusdt/date=20260325/data.parquet	exchange=bybit/stream=trade/symbol=avaxusdt/date=20260325/meta.json	quantlab-compact	bybit	trade	avaxusdt
day43	bybit/trade/avaxusdt/20260326	20260326	exchange=bybit/stream=trade/symbol=avaxusdt/date=20260326/data.parquet	exchange=bybit/stream=trade/symbol=avaxusdt/date=20260326/meta.json	quantlab-compact	bybit	trade	avaxusdt
day44	bybit/trade/avaxusdt/20260327	20260327	exchange=bybit/stream=trade/symbol=avaxusdt/date=20260327/data.parquet	exchange=bybit/stream=trade/symbol=avaxusdt/date=20260327/meta.json	quantlab-compact	bybit	trade	avaxusdt
day45	bybit/trade/avaxusdt/20260328	20260328	exchange=bybit/stream=trade/symbol=avaxusdt/date=20260328/data.parquet	exchange=bybit/stream=trade/symbol=avaxusdt/date=20260328/meta.json	quantlab-compact	bybit	trade	avaxusdt
day46	bybit/trade/bnbusdt/20260324	20260324	exchange=bybit/stream=trade/symbol=bnbusdt/date=20260324/data.parquet	exchange=bybit/stream=trade/symbol=bnbusdt/date=20260324/meta.json	quantlab-compact	bybit	trade	bnbusdt
day47	bybit/trade/bnbusdt/20260325	20260325	exchange=bybit/stream=trade/symbol=bnbusdt/date=20260325/data.parquet	exchange=bybit/stream=trade/symbol=bnbusdt/date=20260325/meta.json	quantlab-compact	bybit	trade	bnbusdt
day48	bybit/trade/bnbusdt/20260326	20260326	exchange=bybit/stream=trade/symbol=bnbusdt/date=20260326/data.parquet	exchange=bybit/stream=trade/symbol=bnbusdt/date=20260326/meta.json	quantlab-compact	bybit	trade	bnbusdt
day49	bybit/trade/bnbusdt/20260327	20260327	exchange=bybit/stream=trade/symbol=bnbusdt/date=20260327/data.parquet	exchange=bybit/stream=trade/symbol=bnbusdt/date=20260327/meta.json	quantlab-compact	bybit	trade	bnbusdt
day50	bybit/trade/bnbusdt/20260328	20260328	exchange=bybit/stream=trade/symbol=bnbusdt/date=20260328/data.parquet	exchange=bybit/stream=trade/symbol=bnbusdt/date=20260328/meta.json	quantlab-compact	bybit	trade	bnbusdt
day51	bybit/trade/linkusdt/20260324	20260324	exchange=bybit/stream=trade/symbol=linkusdt/date=20260324/data.parquet	exchange=bybit/stream=trade/symbol=linkusdt/date=20260324/meta.json	quantlab-compact	bybit	trade	linkusdt
day52	bybit/trade/linkusdt/20260325	20260325	exchange=bybit/stream=trade/symbol=linkusdt/date=20260325/data.parquet	exchange=bybit/stream=trade/symbol=linkusdt/date=20260325/meta.json	quantlab-compact	bybit	trade	linkusdt
day53	bybit/trade/linkusdt/20260326	20260326	exchange=bybit/stream=trade/symbol=linkusdt/date=20260326/data.parquet	exchange=bybit/stream=trade/symbol=linkusdt/date=20260326/meta.json	quantlab-compact	bybit	trade	linkusdt
day54	bybit/trade/linkusdt/20260327	20260327	exchange=bybit/stream=trade/symbol=linkusdt/date=20260327/data.parquet	exchange=bybit/stream=trade/symbol=linkusdt/date=20260327/meta.json	quantlab-compact	bybit	trade	linkusdt
day55	bybit/trade/linkusdt/20260328	20260328	exchange=bybit/stream=trade/symbol=linkusdt/date=20260328/data.parquet	exchange=bybit/stream=trade/symbol=linkusdt/date=20260328/meta.json	quantlab-compact	bybit	trade	linkusdt
day56	bybit/trade/ltcusdt/20260324	20260324	exchange=bybit/stream=trade/symbol=ltcusdt/date=20260324/data.parquet	exchange=bybit/stream=trade/symbol=ltcusdt/date=20260324/meta.json	quantlab-compact	bybit	trade	ltcusdt
day57	bybit/trade/ltcusdt/20260325	20260325	exchange=bybit/stream=trade/symbol=ltcusdt/date=20260325/data.parquet	exchange=bybit/stream=trade/symbol=ltcusdt/date=20260325/meta.json	quantlab-compact	bybit	trade	ltcusdt
day58	bybit/trade/ltcusdt/20260326	20260326	exchange=bybit/stream=trade/symbol=ltcusdt/date=20260326/data.parquet	exchange=bybit/stream=trade/symbol=ltcusdt/date=20260326/meta.json	quantlab-compact	bybit	trade	ltcusdt
day59	bybit/trade/ltcusdt/20260327	20260327	exchange=bybit/stream=trade/symbol=ltcusdt/date=20260327/data.parquet	exchange=bybit/stream=trade/symbol=ltcusdt/date=20260327/meta.json	quantlab-compact	bybit	trade	ltcusdt
day60	bybit/trade/ltcusdt/20260328	20260328	exchange=bybit/stream=trade/symbol=ltcusdt/date=20260328/data.parquet	exchange=bybit/stream=trade/symbol=ltcusdt/date=20260328/meta.json	quantlab-compact	bybit	trade	ltcusdt
day61	bybit/trade/solusdt/20260324	20260324	exchange=bybit/stream=trade/symbol=solusdt/date=20260324/data.parquet	exchange=bybit/stream=trade/symbol=solusdt/date=20260324/meta.json	quantlab-compact	bybit	trade	solusdt
day62	bybit/trade/solusdt/20260325	20260325	exchange=bybit/stream=trade/symbol=solusdt/date=20260325/data.parquet	exchange=bybit/stream=trade/symbol=solusdt/date=20260325/meta.json	quantlab-compact	bybit	trade	solusdt
day63	bybit/trade/solusdt/20260326	20260326	exchange=bybit/stream=trade/symbol=solusdt/date=20260326/data.parquet	exchange=bybit/stream=trade/symbol=solusdt/date=20260326/meta.json	quantlab-compact	bybit	trade	solusdt
day64	bybit/trade/solusdt/20260327	20260327	exchange=bybit/stream=trade/symbol=solusdt/date=20260327/data.parquet	exchange=bybit/stream=trade/symbol=solusdt/date=20260327/meta.json	quantlab-compact	bybit	trade	solusdt
day65	bybit/trade/solusdt/20260328	20260328	exchange=bybit/stream=trade/symbol=solusdt/date=20260328/data.parquet	exchange=bybit/stream=trade/symbol=solusdt/date=20260328/meta.json	quantlab-compact	bybit	trade	solusdt
day66	bybit/trade/xrpusdt/20260324	20260324	exchange=bybit/stream=trade/symbol=xrpusdt/date=20260324/data.parquet	exchange=bybit/stream=trade/symbol=xrpusdt/date=20260324/meta.json	quantlab-compact	bybit	trade	xrpusdt
day67	bybit/trade/xrpusdt/20260325	20260325	exchange=bybit/stream=trade/symbol=xrpusdt/date=20260325/data.parquet	exchange=bybit/stream=trade/symbol=xrpusdt/date=20260325/meta.json	quantlab-compact	bybit	trade	xrpusdt
day68	bybit/trade/xrpusdt/20260326	20260326	exchange=bybit/stream=trade/symbol=xrpusdt/date=20260326/data.parquet	exchange=bybit/stream=trade/symbol=xrpusdt/date=20260326/meta.json	quantlab-compact	bybit	trade	xrpusdt
day69	bybit/trade/xrpusdt/20260327	20260327	exchange=bybit/stream=trade/symbol=xrpusdt/date=20260327/data.parquet	exchange=bybit/stream=trade/symbol=xrpusdt/date=20260327/meta.json	quantlab-compact	bybit	trade	xrpusdt
day70	bybit/trade/xrpusdt/20260328	20260328	exchange=bybit/stream=trade/symbol=xrpusdt/date=20260328/data.parquet	exchange=bybit/stream=trade/symbol=xrpusdt/date=20260328/meta.json	quantlab-compact	bybit	trade	xrpusdt
day71	okx/trade/adausdt/20260324	20260324	exchange=okx/stream=trade/symbol=adausdt/date=20260324/data.parquet	exchange=okx/stream=trade/symbol=adausdt/date=20260324/meta.json	quantlab-compact	okx	trade	adausdt
day72	okx/trade/adausdt/20260325	20260325	exchange=okx/stream=trade/symbol=adausdt/date=20260325/data.parquet	exchange=okx/stream=trade/symbol=adausdt/date=20260325/meta.json	quantlab-compact	okx	trade	adausdt
day73	okx/trade/adausdt/20260326	20260326	exchange=okx/stream=trade/symbol=adausdt/date=20260326/data.parquet	exchange=okx/stream=trade/symbol=adausdt/date=20260326/meta.json	quantlab-compact	okx	trade	adausdt
day74	okx/trade/adausdt/20260327	20260327	exchange=okx/stream=trade/symbol=adausdt/date=20260327/data.parquet	exchange=okx/stream=trade/symbol=adausdt/date=20260327/meta.json	quantlab-compact	okx	trade	adausdt
day75	okx/trade/adausdt/20260328	20260328	exchange=okx/stream=trade/symbol=adausdt/date=20260328/data.parquet	exchange=okx/stream=trade/symbol=adausdt/date=20260328/meta.json	quantlab-compact	okx	trade	adausdt
day76	okx/trade/avaxusdt/20260324	20260324	exchange=okx/stream=trade/symbol=avaxusdt/date=20260324/data.parquet	exchange=okx/stream=trade/symbol=avaxusdt/date=20260324/meta.json	quantlab-compact	okx	trade	avaxusdt
day77	okx/trade/avaxusdt/20260325	20260325	exchange=okx/stream=trade/symbol=avaxusdt/date=20260325/data.parquet	exchange=okx/stream=trade/symbol=avaxusdt/date=20260325/meta.json	quantlab-compact	okx	trade	avaxusdt
day78	okx/trade/avaxusdt/20260326	20260326	exchange=okx/stream=trade/symbol=avaxusdt/date=20260326/data.parquet	exchange=okx/stream=trade/symbol=avaxusdt/date=20260326/meta.json	quantlab-compact	okx	trade	avaxusdt
day79	okx/trade/avaxusdt/20260327	20260327	exchange=okx/stream=trade/symbol=avaxusdt/date=20260327/data.parquet	exchange=okx/stream=trade/symbol=avaxusdt/date=20260327/meta.json	quantlab-compact	okx	trade	avaxusdt
day80	okx/trade/avaxusdt/20260328	20260328	exchange=okx/stream=trade/symbol=avaxusdt/date=20260328/data.parquet	exchange=okx/stream=trade/symbol=avaxusdt/date=20260328/meta.json	quantlab-compact	okx	trade	avaxusdt
day81	okx/trade/bnbusdt/20260324	20260324	exchange=okx/stream=trade/symbol=bnbusdt/date=20260324/data.parquet	exchange=okx/stream=trade/symbol=bnbusdt/date=20260324/meta.json	quantlab-compact	okx	trade	bnbusdt
day82	okx/trade/bnbusdt/20260325	20260325	exchange=okx/stream=trade/symbol=bnbusdt/date=20260325/data.parquet	exchange=okx/stream=trade/symbol=bnbusdt/date=20260325/meta.json	quantlab-compact	okx	trade	bnbusdt
day83	okx/trade/bnbusdt/20260326	20260326	exchange=okx/stream=trade/symbol=bnbusdt/date=20260326/data.parquet	exchange=okx/stream=trade/symbol=bnbusdt/date=20260326/meta.json	quantlab-compact	okx	trade	bnbusdt
day84	okx/trade/bnbusdt/20260327	20260327	exchange=okx/stream=trade/symbol=bnbusdt/date=20260327/data.parquet	exchange=okx/stream=trade/symbol=bnbusdt/date=20260327/meta.json	quantlab-compact	okx	trade	bnbusdt
day85	okx/trade/bnbusdt/20260328	20260328	exchange=okx/stream=trade/symbol=bnbusdt/date=20260328/data.parquet	exchange=okx/stream=trade/symbol=bnbusdt/date=20260328/meta.json	quantlab-compact	okx	trade	bnbusdt
day86	okx/trade/linkusdt/20260324	20260324	exchange=okx/stream=trade/symbol=linkusdt/date=20260324/data.parquet	exchange=okx/stream=trade/symbol=linkusdt/date=20260324/meta.json	quantlab-compact	okx	trade	linkusdt
day87	okx/trade/linkusdt/20260325	20260325	exchange=okx/stream=trade/symbol=linkusdt/date=20260325/data.parquet	exchange=okx/stream=trade/symbol=linkusdt/date=20260325/meta.json	quantlab-compact	okx	trade	linkusdt
day88	okx/trade/linkusdt/20260326	20260326	exchange=okx/stream=trade/symbol=linkusdt/date=20260326/data.parquet	exchange=okx/stream=trade/symbol=linkusdt/date=20260326/meta.json	quantlab-compact	okx	trade	linkusdt
day89	okx/trade/linkusdt/20260327	20260327	exchange=okx/stream=trade/symbol=linkusdt/date=20260327/data.parquet	exchange=okx/stream=trade/symbol=linkusdt/date=20260327/meta.json	quantlab-compact	okx	trade	linkusdt
day90	okx/trade/linkusdt/20260328	20260328	exchange=okx/stream=trade/symbol=linkusdt/date=20260328/data.parquet	exchange=okx/stream=trade/symbol=linkusdt/date=20260328/meta.json	quantlab-compact	okx	trade	linkusdt
day91	okx/trade/ltcusdt/20260324	20260324	exchange=okx/stream=trade/symbol=ltcusdt/date=20260324/data.parquet	exchange=okx/stream=trade/symbol=ltcusdt/date=20260324/meta.json	quantlab-compact	okx	trade	ltcusdt
day92	okx/trade/ltcusdt/20260325	20260325	exchange=okx/stream=trade/symbol=ltcusdt/date=20260325/data.parquet	exchange=okx/stream=trade/symbol=ltcusdt/date=20260325/meta.json	quantlab-compact	okx	trade	ltcusdt
day93	okx/trade/ltcusdt/20260326	20260326	exchange=okx/stream=trade/symbol=ltcusdt/date=20260326/data.parquet	exchange=okx/stream=trade/symbol=ltcusdt/date=20260326/meta.json	quantlab-compact	okx	trade	ltcusdt
day94	okx/trade/ltcusdt/20260327	20260327	exchange=okx/stream=trade/symbol=ltcusdt/date=20260327/data.parquet	exchange=okx/stream=trade/symbol=ltcusdt/date=20260327/meta.json	quantlab-compact	okx	trade	ltcusdt
day95	okx/trade/ltcusdt/20260328	20260328	exchange=okx/stream=trade/symbol=ltcusdt/date=20260328/data.parquet	exchange=okx/stream=trade/symbol=ltcusdt/date=20260328/meta.json	quantlab-compact	okx	trade	ltcusdt
day96	okx/trade/maticusdt/20260324	20260324	exchange=okx/stream=trade/symbol=maticusdt/date=20260324/data.parquet	exchange=okx/stream=trade/symbol=maticusdt/date=20260324/meta.json	quantlab-compact	okx	trade	maticusdt
day97	okx/trade/maticusdt/20260325	20260325	exchange=okx/stream=trade/symbol=maticusdt/date=20260325/data.parquet	exchange=okx/stream=trade/symbol=maticusdt/date=20260325/meta.json	quantlab-compact	okx	trade	maticusdt
day98	okx/trade/maticusdt/20260326	20260326	exchange=okx/stream=trade/symbol=maticusdt/date=20260326/data.parquet	exchange=okx/stream=trade/symbol=maticusdt/date=20260326/meta.json	quantlab-compact	okx	trade	maticusdt
day99	okx/trade/maticusdt/20260327	20260327	exchange=okx/stream=trade/symbol=maticusdt/date=20260327/data.parquet	exchange=okx/stream=trade/symbol=maticusdt/date=20260327/meta.json	quantlab-compact	okx	trade	maticusdt
day100	okx/trade/maticusdt/20260328	20260328	exchange=okx/stream=trade/symbol=maticusdt/date=20260328/data.parquet	exchange=okx/stream=trade/symbol=maticusdt/date=20260328/meta.json	quantlab-compact	okx	trade	maticusdt
day101	okx/trade/solusdt/20260324	20260324	exchange=okx/stream=trade/symbol=solusdt/date=20260324/data.parquet	exchange=okx/stream=trade/symbol=solusdt/date=20260324/meta.json	quantlab-compact	okx	trade	solusdt
day102	okx/trade/solusdt/20260325	20260325	exchange=okx/stream=trade/symbol=solusdt/date=20260325/data.parquet	exchange=okx/stream=trade/symbol=solusdt/date=20260325/meta.json	quantlab-compact	okx	trade	solusdt
day103	okx/trade/solusdt/20260326	20260326	exchange=okx/stream=trade/symbol=solusdt/date=20260326/data.parquet	exchange=okx/stream=trade/symbol=solusdt/date=20260326/meta.json	quantlab-compact	okx	trade	solusdt
day104	okx/trade/solusdt/20260327	20260327	exchange=okx/stream=trade/symbol=solusdt/date=20260327/data.parquet	exchange=okx/stream=trade/symbol=solusdt/date=20260327/meta.json	quantlab-compact	okx	trade	solusdt
day105	okx/trade/solusdt/20260328	20260328	exchange=okx/stream=trade/symbol=solusdt/date=20260328/data.parquet	exchange=okx/stream=trade/symbol=solusdt/date=20260328/meta.json	quantlab-compact	okx	trade	solusdt
day106	okx/trade/xrpusdt/20260324	20260324	exchange=okx/stream=trade/symbol=xrpusdt/date=20260324/data.parquet	exchange=okx/stream=trade/symbol=xrpusdt/date=20260324/meta.json	quantlab-compact	okx	trade	xrpusdt
day107	okx/trade/xrpusdt/20260325	20260325	exchange=okx/stream=trade/symbol=xrpusdt/date=20260325/data.parquet	exchange=okx/stream=trade/symbol=xrpusdt/date=20260325/meta.json	quantlab-compact	okx	trade	xrpusdt
day108	okx/trade/xrpusdt/20260326	20260326	exchange=okx/stream=trade/symbol=xrpusdt/date=20260326/data.parquet	exchange=okx/stream=trade/symbol=xrpusdt/date=20260326/meta.json	quantlab-compact	okx	trade	xrpusdt
day109	okx/trade/xrpusdt/20260327	20260327	exchange=okx/stream=trade/symbol=xrpusdt/date=20260327/data.parquet	exchange=okx/stream=trade/symbol=xrpusdt/date=20260327/meta.json	quantlab-compact	okx	trade	xrpusdt
day110	okx/trade/xrpusdt/20260328	20260328	exchange=okx/stream=trade/symbol=xrpusdt/date=20260328/data.parquet	exchange=okx/stream=trade/symbol=xrpusdt/date=20260328/meta.json	quantlab-compact	okx	trade	xrpusdt
